id,encuestador,archivo_origen,pregunta_num,pregunta_origen,texto,num_palabras,etiqueta,pos_score,neg_score,evidencia_pos,evidencia_neg
texto_0000,abraham,pregunta1_estudiante001.txt,1,¿Cómo te sientes respecto al tiempo que pasas en la escuela y el tiempo libre que te queda en casa?,"bueno en la escuela me la paso bien y me rio mucho con mis compañeros, pero en mi casa me gusta descansar y tener mi espacio a solas para desestresarme.",30,placentero,2,0,"bien, gusta",
texto_0001,abraham,pregunta1_estudiante002.txt,1,¿Cómo te sientes respecto al tiempo que pasas en la escuela y el tiempo libre que te queda en casa?,"aquí en el colegio me la paso super bien comparto mucho con mis amigos, aunque a veces salgo muy cansado y en la casa casi no me queda tiempo libre para mis cosas.",33,mixto,1,5,bien,"no me queda, casi no me, cansado"
texto_0002,abraham,pregunta1_estudiante003.txt,1,¿Cómo te sientes respecto al tiempo que pasas en la escuela y el tiempo libre que te queda en casa?,"me siento más cómodo en el colegio porque me distraigo con mis amigos, pero al llegar a casa entre las tareas y ayudar con los deberes me queda muy poco tiempo.",31,mixto,1,1,cómodo,poco
texto_0003,abraham,pregunta1_estudiante004.txt,1,¿Cómo te sientes respecto al tiempo que pasas en la escuela y el tiempo libre que te queda en casa?,"cuando estoy en el colegio me quiero ir a mi casa pero cuando estoy allá me aburro, me gusta compartir con mis compañeros aunque el horario es agotador.",28,mixto,1,2,gusta,"aburro, agotador"
texto_0004,abraham,pregunta1_estudiante005.txt,1,¿Cómo te sientes respecto al tiempo que pasas en la escuela y el tiempo libre que te queda en casa?,"a veces con pereza y sueño en el colegio, en mi casa me siento un poco más activo pero la tarde se me pasa volando haciendo trabajos.",27,mixto,1,1,activo,poco
texto_0005,abraham,pregunta1_estudiante006.txt,1,¿Cómo te sientes respecto al tiempo que pasas en la escuela y el tiempo libre que te queda en casa?,"en el colegio me siento super bien ya que me despejo, en mi casa paso más tiempo con mi familia o en el celular si no hay tanta tarea acumulada.",30,placentero,1,0,bien,
texto_0006,abraham,pregunta1_estudiante007.txt,1,¿Cómo te sientes respecto al tiempo que pasas en la escuela y el tiempo libre que te queda en casa?,"yo me siento bien ya que comparto tiempo en el colegio con mis amigos, y al llegar a casa me da tiempo de hacer mis actividades y entrenar un rato.",30,placentero,1,0,bien,
texto_0007,abraham,pregunta1_estudiante008.txt,1,¿Cómo te sientes respecto al tiempo que pasas en la escuela y el tiempo libre que te queda en casa?,"la verdad feliz en la escuela porque comparto con mis amigas, pero el tiempo libre en la casa a veces no alcanza por la cantidad de talleres.",27,mixto,1,2,feliz,no alcanza
texto_0008,abraham,pregunta1_estudiante009.txt,1,¿Cómo te sientes respecto al tiempo que pasas en la escuela y el tiempo libre que te queda en casa?,"bien, me parece equilibrado ya que intento manejar mi tiempo entre el colegio, el estudio en casa y compartir con mis amigos del barrio.",24,placentero,3,0,"bien, equilibrado, manejar",
texto_0009,abraham,pregunta1_estudiante010.txt,1,¿Cómo te sientes respecto al tiempo que pasas en la escuela y el tiempo libre que te queda en casa?,"el tiempo libre que me queda en la casa lo aprovecho para descansar o jugar videojuegos, pero trato de no descuidar los deberes del colegio.",25,placentero,2,0,"aprovecho, jugar",
texto_0010,abraham,pregunta1_estudiante011.txt,1,¿Cómo te sientes respecto al tiempo que pasas en la escuela y el tiempo libre que te queda en casa?,"en la escuela a veces me da sueño y hambre, pero la paso chévere con la gente del salón, y en la casa me siento más relajado.",27,placentero,2,0,"chévere, relajado",
texto_0012,abraham,pregunta1_estudiante013.txt,1,¿Cómo te sientes respecto al tiempo que pasas en la escuela y el tiempo libre que te queda en casa?,"a veces me siento agotada porque me acuesto tarde estudiando y en el colegio me da sueño, pero en la casa trato de organizar mi tiempo libre.",27,desagradable,0,1,,agotada
texto_0013,abraham,pregunta1_estudiante014.txt,1,¿Cómo te sientes respecto al tiempo que pasas en la escuela y el tiempo libre que te queda en casa?,"me siento alegre en el colegio por estar con mis amigos, pero en casa a veces me aburro un poco si no tengo planes o si hay mucho por hacer.",30,desagradable,0,4,,"no tengo, aburro, poco"
texto_0014,abraham,pregunta1_estudiante015.txt,1,¿Cómo te sientes respecto al tiempo que pasas en la escuela y el tiempo libre que te queda en casa?,"bien, siento que el tiempo en la escuela es productivo aunque largo, y en la casa trato de usar el tiempo libre para escuchar música y despejarme.",27,mixto,1,1,bien,largo
texto_0015,abraham,pregunta1_estudiante016.txt,1,¿Cómo te sientes respecto al tiempo que pasas en la escuela y el tiempo libre que te queda en casa?,"me la paso bien en la escuela con mi grupo de amigos, pero me gustaría tener más tiempo libre por las tardes en casa para hacer deporte.",27,mixto,1,2,bien,me gustaría
texto_0017,abraham,pregunta1_estudiante018.txt,1,¿Cómo te sientes respecto al tiempo que pasas en la escuela y el tiempo libre que te queda en casa?,"siento que en el colegio el día es pesado por tantas materias juntas, pero en la casa me relajo bastante viendo videos o con la familia.",26,mixto,1,1,relajo,pesado
texto_0018,abraham,pregunta1_estudiante019.txt,1,¿Cómo te sientes respecto al tiempo que pasas en la escuela y el tiempo libre que te queda en casa?,"me siento a gusto en la escuela porque socializo mucho, pero en la casa a veces me estreso si me queda poco tiempo libre para mí.",26,mixto,1,1,gusto,poco
texto_0019,abraham,pregunta1_estudiante020.txt,1,¿Cómo te sientes respecto al tiempo que pasas en la escuela y el tiempo libre que te queda en casa?,"bien pero cansado, en la escuela aprendo y me divierto pero el trayecto y la jornada me dejan agotado para disfrutar la tarde en casa.",25,mixto,3,2,"bien, aprendo, disfrutar","cansado, agotado"
texto_0020,abraham,pregunta1_estudiante021.txt,1,¿Cómo te sientes respecto al tiempo que pasas en la escuela y el tiempo libre que te queda en casa?,"me gusta estar en el colegio por los momentos en los descansos con los compañeros, y en la casa me siento tranquilo aunque a veces desmotivado.",26,placentero,2,0,"gusta, tranquilo",
texto_0021,abraham,pregunta1_estudiante022.txt,1,¿Cómo te sientes respecto al tiempo que pasas en la escuela y el tiempo libre que te queda en casa?,"siento que hay un buen balance entre la escuela y la casa, aunque hay días que la jornada escolar se siente demasiado larga y agotadora.",25,mixto,1,3,buen,"demasiado, larga, agotadora"
texto_0022,abraham,pregunta1_estudiante023.txt,1,¿Cómo te sientes respecto al tiempo que pasas en la escuela y el tiempo libre que te queda en casa?,"en la escuela me me siento bien alegre con mis amigas, pero en la casa el tiempo libre se reduce mucho cuando se juntan varios talleres.",26,placentero,1,0,bien,
texto_0023,abraham,pregunta1_estudiante024.txt,1,¿Cómo te sientes respecto al tiempo que pasas en la escuela y el tiempo libre que te queda en casa?,"la verdad me da pereza levantarme temprano para el colegio, pero allá la paso bien, y en mi casa uso mi tiempo libre para dormir o estar en redes.",29,placentero,1,0,bien,
texto_0025,abraham,pregunta1_estudiante026.txt,1,¿Cómo te sientes respecto al tiempo que pasas en la escuela y el tiempo libre que te queda en casa?,a veces frustrado porque siento que pasamos casi todo el día enfocados en el colegio y en la casa el tiempo libre se va rápido en deberes.,27,desagradable,0,1,,frustrado
texto_0026,abraham,pregunta1_estudiante027.txt,1,¿Cómo te sientes respecto al tiempo que pasas en la escuela y el tiempo libre que te queda en casa?,"super bien en el colegio compartiendo con el grupo, y en casa me gusta tener mi espacio tranquilo para descansar y hablar con mi familia.",25,placentero,3,0,"bien, gusta, tranquilo",
texto_0027,abraham,pregunta1_estudiante028.txt,1,¿Cómo te sientes respecto al tiempo que pasas en la escuela y el tiempo libre que te queda en casa?,"me siento bien en la escuela, me divierto mucho en las pausas pero en la casa a veces siento que no desconecto del todo por el estudio.",27,placentero,1,0,bien,
texto_0028,abraham,pregunta1_estudiante029.txt,1,¿Cómo te sientes respecto al tiempo que pasas en la escuela y el tiempo libre que te queda en casa?,"en el colegio la paso chévere porque no me aburro, en la casa a veces me da flojera cuando sé que tengo que ponerme a hacer guías de estudio.",29,mixto,1,2,chévere,"aburro, flojera"
texto_0029,abraham,pregunta1_estudiante030.txt,1,¿Cómo te sientes respecto al tiempo que pasas en la escuela y el tiempo libre que te queda en casa?,"me siento normal, el tiempo en el colegio es ameno con mis amigos y el tiempo libre en mi casa me alcanza si me organizo bien.",26,placentero,2,0,"organizo, bien",
texto_0030,abraham,pregunta1_estudiante031.txt,1,¿Cómo te sientes respecto al tiempo que pasas en la escuela y el tiempo libre que te queda en casa?,"bien en la escuela me distraigo de los problemas de la casa, y cuando llego me gusta tener tiempo para ver series o descansar tranquilo.",25,mixto,3,1,"bien, gusta, tranquilo",problemas
texto_0031,abraham,pregunta1_estudiante032.txt,1,¿Cómo te sientes respecto al tiempo que pasas en la escuela y el tiempo libre que te queda en casa?,"a veces agotada de la rutina escolar pero feliz de estar con mis compañeros, en la casa quisiera tener más tiempo libre para salir.",24,mixto,1,3,feliz,"quisiera, agotada"
texto_0032,abraham,pregunta1_estudiante033.txt,1,¿Cómo te sientes respecto al tiempo que pasas en la escuela y el tiempo libre que te queda en casa?,"me siento a gusto en el colegio pero a veces cansado mentalmente, en mi casa trato de desconectarme un rato antes de ponerme a estudiar.",25,mixto,1,1,gusto,cansado
texto_0033,abraham,pregunta1_estudiante034.txt,1,¿Cómo te sientes respecto al tiempo que pasas en la escuela y el tiempo libre que te queda en casa?,"en el colegio me siento activada y me entretengo bastante, y en mi casa me gusta usar el tiempo libre para compartir con mis papás y hermanos.",27,placentero,1,0,gusta,
texto_0034,abraham,pregunta2_estudiante001.txt,2,"¿Qué opinión tienes sobre el volumen de tareas, proyectos y evaluaciones académicas que recibes?","bueno pues no me gusta acumular tareas pero aja que se puede hacer, a veces el volumen de trabajos y exámenes en la misma semana es bastante alto.",28,mixto,1,1,gusta,alto
texto_0035,abraham,pregunta2_estudiante002.txt,2,"¿Qué opinión tienes sobre el volumen de tareas, proyectos y evaluaciones académicas que recibes?",opino que a veces acumulan muchas tareas para la misma fecha y al momento de hacerlas se nos hace muy difícil rendir en todas.,24,desagradable,0,2,,"acumulan, difícil"
texto_0036,abraham,pregunta2_estudiante003.txt,2,"¿Qué opinión tienes sobre el volumen de tareas, proyectos y evaluaciones académicas que recibes?","me estreso con ese poco de tareas y talleres que dejan seguidos, especialmente cuando se juntan con los exámenes parciales.",20,desagradable,0,1,,poco
texto_0037,abraham,pregunta2_estudiante004.txt,2,"¿Qué opinión tienes sobre el volumen de tareas, proyectos y evaluaciones académicas que recibes?",opino que es mejor hacer las tareas el mismo día que las ponen porque si acumulamos todo se nos hace más difícil entregar a tiempo.,25,desagradable,0,1,,difícil
texto_0038,abraham,pregunta2_estudiante005.txt,2,"¿Qué opinión tienes sobre el volumen de tareas, proyectos y evaluaciones académicas que recibes?",bien para ganar notas pero a veces dejan demasiadas actividades juntas en distintas asignaturas para la misma semana.,18,mixto,1,1,bien,demasiadas
texto_0039,abraham,pregunta2_estudiante006.txt,2,"¿Qué opinión tienes sobre el volumen de tareas, proyectos y evaluaciones académicas que recibes?","mucha tarea ya que en momentos tenemos trabajos acumulados y al mismo tiempo proyectos, exposiciones y evaluaciones, es mucho compromiso.",20,desagradable,0,1,,acumulados
texto_0040,abraham,pregunta2_estudiante007.txt,2,"¿Qué opinión tienes sobre el volumen de tareas, proyectos y evaluaciones académicas que recibes?","diría que está bien porque los proyectos ayudan a afianzar conocimientos y los exámenes son necesarios, pero deberían escalonar las fechas.",21,mixto,2,2,"bien, necesarios",deberían escalonar
texto_0042,abraham,pregunta2_estudiante009.txt,2,"¿Qué opinión tienes sobre el volumen de tareas, proyectos y evaluaciones académicas que recibes?",bien pero a veces siento que dejan muchos trabajos en distintas áreas para el mismo día y en los exámenes evalúan temas que no se terminaron de explicar.,28,placentero,1,0,bien,
texto_0043,abraham,pregunta2_estudiante010.txt,2,"¿Qué opinión tienes sobre el volumen de tareas, proyectos y evaluaciones académicas que recibes?","normal con las tareas, pero a veces dejan bastante volumen en algunas materias y no alcanza el tiempo para preparar bien las evaluaciones.",23,mixto,1,2,bien,no alcanza
texto_0044,abraham,pregunta2_estudiante011.txt,2,"¿Qué opinión tienes sobre el volumen de tareas, proyectos y evaluaciones académicas que recibes?","siento que dejan mucha tarea y a veces se vuelve pesado, deberían coordinar mejor entre profesores para no cargarnos la misma semana.",22,desagradable,0,3,,"deberían coordinar, pesado"
texto_0045,abraham,pregunta2_estudiante012.txt,2,"¿Qué opinión tienes sobre el volumen de tareas, proyectos y evaluaciones académicas que recibes?","son demasiadas actividades pero están reguladas a su manera, aunque todo depende bastante del profesor y de la materia.",19,desagradable,0,1,,demasiadas
texto_0047,abraham,pregunta2_estudiante014.txt,2,"¿Qué opinión tienes sobre el volumen de tareas, proyectos y evaluaciones académicas que recibes?",mi opinión es que me parece bien la exigencia porque así aprendemos a ser más responsables y preparados para las pruebas del ICFES.,23,mixto,1,1,bien,exigencia
texto_0048,abraham,pregunta2_estudiante015.txt,2,"¿Qué opinión tienes sobre el volumen de tareas, proyectos y evaluaciones académicas que recibes?","me parece un poco excesivo la verdad, se cruzan las entregas de proyectos con semanas de evaluaciones y uno se siente saturado.",22,desagradable,0,2,,"poco, excesivo"
texto_0049,abraham,pregunta2_estudiante016.txt,2,"¿Qué opinión tienes sobre el volumen de tareas, proyectos y evaluaciones académicas que recibes?","las tareas me parecen bien si son cortas, pero cuando mandan trabajos grupales largos y exámenes seguidos nos cuesta organizarnos.",20,placentero,1,0,bien,
texto_0050,abraham,pregunta2_estudiante017.txt,2,"¿Qué opinión tienes sobre el volumen de tareas, proyectos y evaluaciones académicas que recibes?","siento que el volumen de tareas es alto en materias como ciencias y matemáticas, pero con buena disciplina se puede sacar adelante.",22,mixto,1,1,buena,alto
texto_0051,abraham,pregunta2_estudiante018.txt,2,"¿Qué opinión tienes sobre el volumen de tareas, proyectos y evaluaciones académicas que recibes?","a veces hay semanas tranquilas y otras semanas con sobrecarga de exposiciones y evaluaciones, debería ser más constante y moderado.",20,desagradable,0,3,,"debería ser, sobrecarga"
texto_0052,abraham,pregunta2_estudiante019.txt,2,"¿Qué opinión tienes sobre el volumen de tareas, proyectos y evaluaciones académicas que recibes?",pienso que los exámenes están bien planteados pero el número de talleres semanales le quita tiempo a la preparación de las evaluaciones.,22,mixto,1,1,bien,quita
texto_0053,abraham,pregunta2_estudiante020.txt,2,"¿Qué opinión tienes sobre el volumen de tareas, proyectos y evaluaciones académicas que recibes?","me estresa cuando dejan guías largas para el fin de semana, creo que el fin de semana debería ser para descansar y repasar poco.",24,desagradable,0,3,,"debería ser, poco"
texto_0054,abraham,pregunta2_estudiante021.txt,2,"¿Qué opinión tienes sobre el volumen de tareas, proyectos y evaluaciones académicas que recibes?","algunos profesores cargan mucho de tareas mientras otros son más comprensivos, falta un poco de equilibrio en la carga académica.",20,mixto,1,1,equilibrio,poco
texto_0055,abraham,pregunta2_estudiante022.txt,2,"¿Qué opinión tienes sobre el volumen de tareas, proyectos y evaluaciones académicas que recibes?","me parece aceptable aunque pesado, comprendo que en décimo sube el nivel académico por los proyectos pero a veces es demasiado.",21,mixto,1,2,aceptable,"pesado, demasiado"
texto_0056,abraham,pregunta2_estudiante023.txt,2,"¿Qué opinión tienes sobre el volumen de tareas, proyectos y evaluaciones académicas que recibes?","deberían darnos más tiempo para los proyectos finales, porque hacerlos a la par de las evaluaciones semanales produce mucho estrés.",20,desagradable,0,3,,"deberían darnos, estrés"
texto_0057,abraham,pregunta2_estudiante024.txt,2,"¿Qué opinión tienes sobre el volumen de tareas, proyectos y evaluaciones académicas que recibes?","opino que hay un exceso de trabajos escritos que no aportan tanto, preferiría más talleres prácticos y repasos guiados en clase.",21,desagradable,0,2,,no aportan
texto_0058,abraham,pregunta2_estudiante025.txt,2,"¿Qué opinión tienes sobre el volumen de tareas, proyectos y evaluaciones académicas que recibes?","siento que la cantidad de tareas es adecuada si no te dejas acumular, el problema es cuando varios profesores piden entregas el mismo día.",24,mixto,1,1,adecuada,problema
texto_0059,abraham,pregunta2_estudiante026.txt,2,"¿Qué opinión tienes sobre el volumen de tareas, proyectos y evaluaciones académicas que recibes?","para mí el volumen es bastante alto, me cuesta balancear las guías de estudio con la preparación de los exámentes de período.",22,desagradable,0,1,,alto
texto_0060,abraham,pregunta2_estudiante027.txt,2,"¿Qué opinión tienes sobre el volumen de tareas, proyectos y evaluaciones académicas que recibes?","me parece bien que nos exijan porque ya vamos a pasar a undécimo, pero a veces la carga mental es muy pesada.",22,mixto,1,1,bien,pesada
texto_0061,abraham,pregunta2_estudiante028.txt,2,"¿Qué opinión tienes sobre el volumen de tareas, proyectos y evaluaciones académicas que recibes?","opino que los proyectos integradores son interesantes pero requieren demasiado tiempo, y al sumarle evaluaciones individuales abruma.",17,mixto,1,1,interesantes,demasiado
texto_0062,abraham,pregunta2_estudiante029.txt,2,"¿Qué opinión tienes sobre el volumen de tareas, proyectos y evaluaciones académicas que recibes?","a veces dejan actividades muy largas de un día para otro y eso hace que nos desvelemos, debería haber más margen para entregar.",23,desagradable,0,2,,debería haber
texto_0063,abraham,pregunta2_estudiante030.txt,2,"¿Qué opinión tienes sobre el volumen de tareas, proyectos y evaluaciones académicas que recibes?","me parece que está regular, algunas materias tienen la carga justa y otras exageran un poco con talleres de muchas páginas.",21,desagradable,0,2,,"exageran, poco"
texto_0064,abraham,pregunta2_estudiante031.txt,2,"¿Qué opinión tienes sobre el volumen de tareas, proyectos y evaluaciones académicas que recibes?","pienso que está bien para mantener el ritmo académico, pero podrían bajarle un poco a las tareas para enfocarnos en los exámentes.",22,mixto,1,1,bien,poco
texto_0065,abraham,pregunta2_estudiante032.txt,2,"¿Qué opinión tienes sobre el volumen de tareas, proyectos y evaluaciones académicas que recibes?","se siente la presión por ser grado décimo, hay bastantes evaluaciones y proyectos simultáneos que requieren mucho esfuerzo.",18,desagradable,0,1,,presión
texto_0066,abraham,pregunta2_estudiante033.txt,2,"¿Qué opinión tienes sobre el volumen de tareas, proyectos y evaluaciones académicas que recibes?","opino que la carga de tareas es pesada pero necesaria para sacar buenas notas, aunque a veces no da tiempo de repasar bien.",23,mixto,3,1,"necesaria, buenas, bien",pesada
texto_0067,abraham,pregunta2_estudiante034.txt,2,"¿Qué opinión tienes sobre el volumen de tareas, proyectos y evaluaciones académicas que recibes?","a veces es estresante por la acumulación de guías y trabajos, pero si uno consulta con tiempo y trabaja en equipo se maneja mejor.",24,desagradable,0,2,,"estresante, acumulación"
texto_0068,eberto,ESTUDIANTES_EBERTO_001.txt,1,¿Cómo te sientes respecto al tiempo que pasas en la escuela y el tiempo libre que te queda en casa?,El horario me parece adecuado porque todavía tengo tiempo para descansar y compartir con mi familia.,16,placentero,1,0,adecuado,
texto_0069,eberto,ESTUDIANTES_EBERTO_001.txt,2,"¿Qué opinión tienes sobre el volumen de tareas, proyectos y evaluaciones académicas que recibes?",La carga académica influye en mi bienestar porque a veces debo sacrificar horas de descanso.,15,desagradable,0,1,,sacrificar
texto_0070,eberto,ESTUDIANTES_EBERTO_002.txt,1,¿Cómo te sientes respecto al tiempo que pasas en la escuela y el tiempo libre que te queda en casa?,"Paso gran parte del día en la institución y normalmente llego muy cansado a casa, por lo que casi no puedo realizar otras actividades.",24,desagradable,0,5,,"no puedo, casi no puedo, cansado"
texto_0071,eberto,ESTUDIANTES_EBERTO_002.txt,2,"¿Qué opinión tienes sobre el volumen de tareas, proyectos y evaluaciones académicas que recibes?","Cuando coinciden tareas, proyectos y evaluaciones en la misma semana siento mucho estrés.",13,desagradable,0,1,,estrés
texto_0072,eberto,ESTUDIANTES_EBERTO_003.txt,1,¿Cómo te sientes respecto al tiempo que pasas en la escuela y el tiempo libre que te queda en casa?,"Considero que el tiempo en el colegio es suficiente para aprender, aunque algunos días las jornadas son muy largas.",19,placentero,1,0,aprender,
texto_0073,eberto,ESTUDIANTES_EBERTO_003.txt,2,"¿Qué opinión tienes sobre el volumen de tareas, proyectos y evaluaciones académicas que recibes?","Las actividades fortalecen mi aprendizaje, pero algunas semanas son demasiado exigentes.",11,mixto,1,2,fortalecen,"demasiado, exigentes"
texto_0074,eberto,ESTUDIANTES_EBERTO_004.txt,1,¿Cómo te sientes respecto al tiempo que pasas en la escuela y el tiempo libre que te queda en casa?,Me gustaría que algunas actividades fueran mejor distribuidas para aprovechar más mi tiempo libre.,14,desagradable,0,2,,me gustaría
texto_0076,eberto,ESTUDIANTES_EBERTO_005.txt,1,¿Cómo te sientes respecto al tiempo que pasas en la escuela y el tiempo libre que te queda en casa?,En general estoy conforme con el tiempo que paso en el colegio porque puedo organizar mis responsabilidades.,17,placentero,1,0,conforme,
texto_0077,eberto,ESTUDIANTES_EBERTO_005.txt,2,"¿Qué opinión tienes sobre el volumen de tareas, proyectos y evaluaciones académicas que recibes?",Pienso que los profesores deberían coordinar mejor las fechas de entrega.,11,desagradable,0,2,,deberían coordinar
texto_0078,eberto,ESTUDIANTES_EBERTO_006.txt,1,¿Cómo te sientes respecto al tiempo que pasas en la escuela y el tiempo libre que te queda en casa?,El horario me parece adecuado porque todavía tengo tiempo para descansar y compartir con mi familia.,16,placentero,1,0,adecuado,
texto_0079,eberto,ESTUDIANTES_EBERTO_006.txt,2,"¿Qué opinión tienes sobre el volumen de tareas, proyectos y evaluaciones académicas que recibes?",La carga académica influye en mi bienestar porque a veces debo sacrificar horas de descanso.,15,desagradable,0,1,,sacrificar
texto_0080,eberto,ESTUDIANTES_EBERTO_007.txt,1,¿Cómo te sientes respecto al tiempo que pasas en la escuela y el tiempo libre que te queda en casa?,"Paso gran parte del día en la institución y normalmente llego muy cansado a casa, por lo que casi no puedo realizar otras actividades.",24,desagradable,0,5,,"no puedo, casi no puedo, cansado"
texto_0081,eberto,ESTUDIANTES_EBERTO_007.txt,2,"¿Qué opinión tienes sobre el volumen de tareas, proyectos y evaluaciones académicas que recibes?","Cuando coinciden tareas, proyectos y evaluaciones en la misma semana siento mucho estrés.",13,desagradable,0,1,,estrés
texto_0082,eberto,ESTUDIANTES_EBERTO_008.txt,1,¿Cómo te sientes respecto al tiempo que pasas en la escuela y el tiempo libre que te queda en casa?,"Considero que el tiempo en el colegio es suficiente para aprender, aunque algunos días las jornadas son muy largas.",19,placentero,1,0,aprender,
texto_0083,eberto,ESTUDIANTES_EBERTO_008.txt,2,"¿Qué opinión tienes sobre el volumen de tareas, proyectos y evaluaciones académicas que recibes?","Las actividades fortalecen mi aprendizaje, pero algunas semanas son demasiado exigentes.",11,mixto,1,2,fortalecen,"demasiado, exigentes"
texto_0084,eberto,ESTUDIANTES_EBERTO_009.txt,1,¿Cómo te sientes respecto al tiempo que pasas en la escuela y el tiempo libre que te queda en casa?,Me gustaría que algunas actividades fueran mejor distribuidas para aprovechar más mi tiempo libre.,14,desagradable,0,2,,me gustaría
texto_0085,eberto,ESTUDIANTES_EBERTO_009.txt,2,"¿Qué opinión tienes sobre el volumen de tareas, proyectos y evaluaciones académicas que recibes?",La carga académica es equilibrada y me ayuda a aprender sin sentir demasiada presión.,14,mixto,2,2,"equilibrada, aprender","demasiada, presión"
texto_0086,eberto,ESTUDIANTES_EBERTO_010.txt,1,¿Cómo te sientes respecto al tiempo que pasas en la escuela y el tiempo libre que te queda en casa?,En general estoy conforme con el tiempo que paso en el colegio porque puedo organizar mis responsabilidades.,17,placentero,1,0,conforme,
texto_0087,eberto,ESTUDIANTES_EBERTO_010.txt,2,"¿Qué opinión tienes sobre el volumen de tareas, proyectos y evaluaciones académicas que recibes?",Pienso que los profesores deberían coordinar mejor las fechas de entrega.,11,desagradable,0,2,,deberían coordinar
texto_0088,eberto,ESTUDIANTES_EBERTO_011.txt,1,¿Cómo te sientes respecto al tiempo que pasas en la escuela y el tiempo libre que te queda en casa?,El horario me parece adecuado porque todavía tengo tiempo para descansar y compartir con mi familia.,16,placentero,1,0,adecuado,
texto_0089,eberto,ESTUDIANTES_EBERTO_011.txt,2,"¿Qué opinión tienes sobre el volumen de tareas, proyectos y evaluaciones académicas que recibes?",La carga académica influye en mi bienestar porque a veces debo sacrificar horas de descanso.,15,desagradable,0,1,,sacrificar
texto_0090,eberto,ESTUDIANTES_EBERTO_012.txt,1,¿Cómo te sientes respecto al tiempo que pasas en la escuela y el tiempo libre que te queda en casa?,"Paso gran parte del día en la institución y normalmente llego muy cansado a casa, por lo que casi no puedo realizar otras actividades.",24,desagradable,0,5,,"no puedo, casi no puedo, cansado"
texto_0091,eberto,ESTUDIANTES_EBERTO_012.txt,2,"¿Qué opinión tienes sobre el volumen de tareas, proyectos y evaluaciones académicas que recibes?","Cuando coinciden tareas, proyectos y evaluaciones en la misma semana siento mucho estrés.",13,desagradable,0,1,,estrés
texto_0092,eberto,ESTUDIANTES_EBERTO_013.txt,1,¿Cómo te sientes respecto al tiempo que pasas en la escuela y el tiempo libre que te queda en casa?,"Considero que el tiempo en el colegio es suficiente para aprender, aunque algunos días las jornadas son muy largas.",19,placentero,1,0,aprender,
texto_0093,eberto,ESTUDIANTES_EBERTO_013.txt,2,"¿Qué opinión tienes sobre el volumen de tareas, proyectos y evaluaciones académicas que recibes?","Las actividades fortalecen mi aprendizaje, pero algunas semanas son demasiado exigentes.",11,mixto,1,2,fortalecen,"demasiado, exigentes"
texto_0094,eberto,ESTUDIANTES_EBERTO_014.txt,1,¿Cómo te sientes respecto al tiempo que pasas en la escuela y el tiempo libre que te queda en casa?,Me gustaría que algunas actividades fueran mejor distribuidas para aprovechar más mi tiempo libre.,14,desagradable,0,2,,me gustaría
texto_0095,eberto,ESTUDIANTES_EBERTO_014.txt,2,"¿Qué opinión tienes sobre el volumen de tareas, proyectos y evaluaciones académicas que recibes?",La carga académica es equilibrada y me ayuda a aprender sin sentir demasiada presión.,14,mixto,2,2,"equilibrada, aprender","demasiada, presión"
texto_0096,eberto,ESTUDIANTES_EBERTO_015.txt,1,¿Cómo te sientes respecto al tiempo que pasas en la escuela y el tiempo libre que te queda en casa?,En general estoy conforme con el tiempo que paso en el colegio porque puedo organizar mis responsabilidades.,17,placentero,1,0,conforme,
texto_0097,eberto,ESTUDIANTES_EBERTO_015.txt,2,"¿Qué opinión tienes sobre el volumen de tareas, proyectos y evaluaciones académicas que recibes?",Pienso que los profesores deberían coordinar mejor las fechas de entrega.,11,desagradable,0,2,,deberían coordinar
texto_0099,eberto,ESTUDIANTES_EBERTO_016.txt,2,"¿Qué opinión tienes sobre el volumen de tareas, proyectos y evaluaciones académicas que recibes?",La carga académica influye en mi bienestar porque a veces debo sacrificar horas de descanso.,15,desagradable,0,1,,sacrificar
texto_0100,eberto,ESTUDIANTES_EBERTO_017.txt,1,¿Cómo te sientes respecto al tiempo que pasas en la escuela y el tiempo libre que te queda en casa?,"Paso gran parte del día en la institución y normalmente llego muy cansado a casa, por lo que casi no puedo realizar otras actividades.",24,desagradable,0,5,,"no puedo, casi no puedo, cansado"
texto_0101,eberto,ESTUDIANTES_EBERTO_017.txt,2,"¿Qué opinión tienes sobre el volumen de tareas, proyectos y evaluaciones académicas que recibes?","Cuando coinciden tareas, proyectos y evaluaciones en la misma semana siento mucho estrés.",13,desagradable,0,1,,estrés
texto_0102,eberto,ESTUDIANTES_EBERTO_018.txt,1,¿Cómo te sientes respecto al tiempo que pasas en la escuela y el tiempo libre que te queda en casa?,"Considero que el tiempo en el colegio es suficiente para aprender, aunque algunos días las jornadas son muy largas.",19,placentero,1,0,aprender,
texto_0103,eberto,ESTUDIANTES_EBERTO_018.txt,2,"¿Qué opinión tienes sobre el volumen de tareas, proyectos y evaluaciones académicas que recibes?","Las actividades fortalecen mi aprendizaje, pero algunas semanas son demasiado exigentes.",11,mixto,1,2,fortalecen,"demasiado, exigentes"
texto_0104,eberto,ESTUDIANTES_EBERTO_019.txt,1,¿Cómo te sientes respecto al tiempo que pasas en la escuela y el tiempo libre que te queda en casa?,Me gustaría que algunas actividades fueran mejor distribuidas para aprovechar más mi tiempo libre.,14,desagradable,0,2,,me gustaría
texto_0105,eberto,ESTUDIANTES_EBERTO_019.txt,2,"¿Qué opinión tienes sobre el volumen de tareas, proyectos y evaluaciones académicas que recibes?",La carga académica es equilibrada y me ayuda a aprender sin sentir demasiada presión.,14,mixto,2,2,"equilibrada, aprender","demasiada, presión"
texto_0106,eberto,ESTUDIANTES_EBERTO_020.txt,1,¿Cómo te sientes respecto al tiempo que pasas en la escuela y el tiempo libre que te queda en casa?,En general estoy conforme con el tiempo que paso en el colegio porque puedo organizar mis responsabilidades.,17,placentero,1,0,conforme,
texto_0107,eberto,ESTUDIANTES_EBERTO_020.txt,2,"¿Qué opinión tienes sobre el volumen de tareas, proyectos y evaluaciones académicas que recibes?",Pienso que los profesores deberían coordinar mejor las fechas de entrega.,11,desagradable,0,2,,deberían coordinar
texto_0108,eberto,ESTUDIANTES_EBERTO_021.txt,1,¿Cómo te sientes respecto al tiempo que pasas en la escuela y el tiempo libre que te queda en casa?,El horario me parece adecuado porque todavía tengo tiempo para descansar y compartir con mi familia.,16,placentero,1,0,adecuado,
texto_0109,eberto,ESTUDIANTES_EBERTO_021.txt,2,"¿Qué opinión tienes sobre el volumen de tareas, proyectos y evaluaciones académicas que recibes?",La carga académica influye en mi bienestar porque a veces debo sacrificar horas de descanso.,15,desagradable,0,1,,sacrificar
texto_0110,eberto,ESTUDIANTES_EBERTO_022.txt,1,¿Cómo te sientes respecto al tiempo que pasas en la escuela y el tiempo libre que te queda en casa?,"Paso gran parte del día en la institución y normalmente llego muy cansado a casa, por lo que casi no puedo realizar otras actividades.",24,desagradable,0,5,,"no puedo, casi no puedo, cansado"
texto_0111,eberto,ESTUDIANTES_EBERTO_022.txt,2,"¿Qué opinión tienes sobre el volumen de tareas, proyectos y evaluaciones académicas que recibes?","Cuando coinciden tareas, proyectos y evaluaciones en la misma semana siento mucho estrés.",13,desagradable,0,1,,estrés
texto_0112,eberto,ESTUDIANTES_EBERTO_023.txt,1,¿Cómo te sientes respecto al tiempo que pasas en la escuela y el tiempo libre que te queda en casa?,"Considero que el tiempo en el colegio es suficiente para aprender, aunque algunos días las jornadas son muy largas.",19,placentero,1,0,aprender,
texto_0113,eberto,ESTUDIANTES_EBERTO_023.txt,2,"¿Qué opinión tienes sobre el volumen de tareas, proyectos y evaluaciones académicas que recibes?","Las actividades fortalecen mi aprendizaje, pero algunas semanas son demasiado exigentes.",11,mixto,1,2,fortalecen,"demasiado, exigentes"
texto_0114,eberto,ESTUDIANTES_EBERTO_024.txt,1,¿Cómo te sientes respecto al tiempo que pasas en la escuela y el tiempo libre que te queda en casa?,Me gustaría que algunas actividades fueran mejor distribuidas para aprovechar más mi tiempo libre.,14,desagradable,0,2,,me gustaría
texto_0115,eberto,ESTUDIANTES_EBERTO_024.txt,2,"¿Qué opinión tienes sobre el volumen de tareas, proyectos y evaluaciones académicas que recibes?",La carga académica es equilibrada y me ayuda a aprender sin sentir demasiada presión.,14,mixto,2,2,"equilibrada, aprender","demasiada, presión"
texto_0116,eberto,ESTUDIANTES_EBERTO_025.txt,1,¿Cómo te sientes respecto al tiempo que pasas en la escuela y el tiempo libre que te queda en casa?,En general estoy conforme con el tiempo que paso en el colegio porque puedo organizar mis responsabilidades.,17,placentero,1,0,conforme,
texto_0117,eberto,ESTUDIANTES_EBERTO_025.txt,2,"¿Qué opinión tienes sobre el volumen de tareas, proyectos y evaluaciones académicas que recibes?",Pienso que los profesores deberían coordinar mejor las fechas de entrega.,11,desagradable,0,2,,deberían coordinar
texto_0118,eberto,ESTUDIANTES_EBERTO_026.txt,1,¿Cómo te sientes respecto al tiempo que pasas en la escuela y el tiempo libre que te queda en casa?,El horario me parece adecuado porque todavía tengo tiempo para descansar y compartir con mi familia.,16,placentero,1,0,adecuado,
texto_0119,eberto,ESTUDIANTES_EBERTO_026.txt,2,"¿Qué opinión tienes sobre el volumen de tareas, proyectos y evaluaciones académicas que recibes?",La carga académica influye en mi bienestar porque a veces debo sacrificar horas de descanso.,15,desagradable,0,1,,sacrificar
texto_0121,eberto,ESTUDIANTES_EBERTO_027.txt,2,"¿Qué opinión tienes sobre el volumen de tareas, proyectos y evaluaciones académicas que recibes?","Cuando coinciden tareas, proyectos y evaluaciones en la misma semana siento mucho estrés.",13,desagradable,0,1,,estrés
texto_0122,eberto,ESTUDIANTES_EBERTO_028.txt,1,¿Cómo te sientes respecto al tiempo que pasas en la escuela y el tiempo libre que te queda en casa?,"Considero que el tiempo en el colegio es suficiente para aprender, aunque algunos días las jornadas son muy largas.",19,placentero,1,0,aprender,
texto_0123,eberto,ESTUDIANTES_EBERTO_028.txt,2,"¿Qué opinión tienes sobre el volumen de tareas, proyectos y evaluaciones académicas que recibes?","Las actividades fortalecen mi aprendizaje, pero algunas semanas son demasiado exigentes.",11,mixto,1,2,fortalecen,"demasiado, exigentes"
texto_0124,eberto,ESTUDIANTES_EBERTO_029.txt,1,¿Cómo te sientes respecto al tiempo que pasas en la escuela y el tiempo libre que te queda en casa?,Me gustaría que algunas actividades fueran mejor distribuidas para aprovechar más mi tiempo libre.,14,desagradable,0,2,,me gustaría
texto_0125,eberto,ESTUDIANTES_EBERTO_029.txt,2,"¿Qué opinión tienes sobre el volumen de tareas, proyectos y evaluaciones académicas que recibes?",La carga académica es equilibrada y me ayuda a aprender sin sentir demasiada presión.,14,mixto,2,2,"equilibrada, aprender","demasiada, presión"
texto_0126,eberto,ESTUDIANTES_EBERTO_030.txt,1,¿Cómo te sientes respecto al tiempo que pasas en la escuela y el tiempo libre que te queda en casa?,En general estoy conforme con el tiempo que paso en el colegio porque puedo organizar mis responsabilidades.,17,placentero,1,0,conforme,
texto_0127,eberto,ESTUDIANTES_EBERTO_030.txt,2,"¿Qué opinión tienes sobre el volumen de tareas, proyectos y evaluaciones académicas que recibes?",Pienso que los profesores deberían coordinar mejor las fechas de entrega.,11,desagradable,0,2,,deberían coordinar
texto_0128,eberto,ESTUDIANTES_EBERTO_031.txt,1,¿Cómo te sientes respecto al tiempo que pasas en la escuela y el tiempo libre que te queda en casa?,El horario me parece adecuado porque todavía tengo tiempo para descansar y compartir con mi familia.,16,placentero,1,0,adecuado,
texto_0129,eberto,ESTUDIANTES_EBERTO_031.txt,2,"¿Qué opinión tienes sobre el volumen de tareas, proyectos y evaluaciones académicas que recibes?",La carga académica influye en mi bienestar porque a veces debo sacrificar horas de descanso.,15,desagradable,0,1,,sacrificar
texto_0130,eberto,ESTUDIANTES_EBERTO_032.txt,1,¿Cómo te sientes respecto al tiempo que pasas en la escuela y el tiempo libre que te queda en casa?,"Paso gran parte del día en la institución y normalmente llego muy cansado a casa, por lo que casi no puedo realizar otras actividades.",24,desagradable,0,5,,"no puedo, casi no puedo, cansado"
texto_0131,eberto,ESTUDIANTES_EBERTO_032.txt,2,"¿Qué opinión tienes sobre el volumen de tareas, proyectos y evaluaciones académicas que recibes?","Cuando coinciden tareas, proyectos y evaluaciones en la misma semana siento mucho estrés.",13,desagradable,0,1,,estrés
texto_0132,eberto,ESTUDIANTES_EBERTO_033.txt,1,¿Cómo te sientes respecto al tiempo que pasas en la escuela y el tiempo libre que te queda en casa?,"Considero que el tiempo en el colegio es suficiente para aprender, aunque algunos días las jornadas son muy largas.",19,placentero,1,0,aprender,
texto_0133,eberto,ESTUDIANTES_EBERTO_033.txt,2,"¿Qué opinión tienes sobre el volumen de tareas, proyectos y evaluaciones académicas que recibes?","Las actividades fortalecen mi aprendizaje, pero algunas semanas son demasiado exigentes.",11,mixto,1,2,fortalecen,"demasiado, exigentes"
texto_0134,eberto,ESTUDIANTES_EBERTO_034.txt,1,¿Cómo te sientes respecto al tiempo que pasas en la escuela y el tiempo libre que te queda en casa?,Me gustaría que algunas actividades fueran mejor distribuidas para aprovechar más mi tiempo libre.,14,desagradable,0,2,,me gustaría
texto_0135,eberto,ESTUDIANTES_EBERTO_034.txt,2,"¿Qué opinión tienes sobre el volumen de tareas, proyectos y evaluaciones académicas que recibes?",La carga académica es equilibrada y me ayuda a aprender sin sentir demasiada presión.,14,mixto,2,2,"equilibrada, aprender","demasiada, presión"
texto_0136,eberto,ESTUDIANTES_EBERTO_035.txt,1,¿Cómo te sientes respecto al tiempo que pasas en la escuela y el tiempo libre que te queda en casa?,En general estoy conforme con el tiempo que paso en el colegio porque puedo organizar mis responsabilidades.,17,placentero,1,0,conforme,
texto_0137,eberto,ESTUDIANTES_EBERTO_035.txt,2,"¿Qué opinión tienes sobre el volumen de tareas, proyectos y evaluaciones académicas que recibes?",Pienso que los profesores deberían coordinar mejor las fechas de entrega.,11,desagradable,0,2,,deberían coordinar
texto_0138,eberto,ESTUDIANTES_EBERTO_036.txt,1,¿Cómo te sientes respecto al tiempo que pasas en la escuela y el tiempo libre que te queda en casa?,El horario me parece adecuado porque todavía tengo tiempo para descansar y compartir con mi familia.,16,placentero,1,0,adecuado,
texto_0139,eberto,ESTUDIANTES_EBERTO_036.txt,2,"¿Qué opinión tienes sobre el volumen de tareas, proyectos y evaluaciones académicas que recibes?",La carga académica influye en mi bienestar porque a veces debo sacrificar horas de descanso.,15,desagradable,0,1,,sacrificar
texto_0140,eberto,ESTUDIANTES_EBERTO_037.txt,1,¿Cómo te sientes respecto al tiempo que pasas en la escuela y el tiempo libre que te queda en casa?,"Paso gran parte del día en la institución y normalmente llego muy cansado a casa, por lo que casi no puedo realizar otras actividades.",24,desagradable,0,5,,"no puedo, casi no puedo, cansado"
texto_0141,eberto,ESTUDIANTES_EBERTO_037.txt,2,"¿Qué opinión tienes sobre el volumen de tareas, proyectos y evaluaciones académicas que recibes?","Cuando coinciden tareas, proyectos y evaluaciones en la misma semana siento mucho estrés.",13,desagradable,0,1,,estrés
texto_0142,eberto,ESTUDIANTES_EBERTO_038.txt,1,¿Cómo te sientes respecto al tiempo que pasas en la escuela y el tiempo libre que te queda en casa?,"Considero que el tiempo en el colegio es suficiente para aprender, aunque algunos días las jornadas son muy largas.",19,placentero,1,0,aprender,
texto_0143,eberto,ESTUDIANTES_EBERTO_038.txt,2,"¿Qué opinión tienes sobre el volumen de tareas, proyectos y evaluaciones académicas que recibes?","Las actividades fortalecen mi aprendizaje, pero algunas semanas son demasiado exigentes.",11,mixto,1,2,fortalecen,"demasiado, exigentes"
texto_0144,eberto,ESTUDIANTES_EBERTO_039.txt,1,¿Cómo te sientes respecto al tiempo que pasas en la escuela y el tiempo libre que te queda en casa?,Me gustaría que algunas actividades fueran mejor distribuidas para aprovechar más mi tiempo libre.,14,desagradable,0,2,,me gustaría
texto_0145,eberto,ESTUDIANTES_EBERTO_039.txt,2,"¿Qué opinión tienes sobre el volumen de tareas, proyectos y evaluaciones académicas que recibes?",La carga académica es equilibrada y me ayuda a aprender sin sentir demasiada presión.,14,mixto,2,2,"equilibrada, aprender","demasiada, presión"
texto_0146,eberto,ESTUDIANTES_EBERTO_040.txt,1,¿Cómo te sientes respecto al tiempo que pasas en la escuela y el tiempo libre que te queda en casa?,En general estoy conforme con el tiempo que paso en el colegio porque puedo organizar mis responsabilidades.,17,placentero,1,0,conforme,
texto_0147,eberto,ESTUDIANTES_EBERTO_040.txt,2,"¿Qué opinión tienes sobre el volumen de tareas, proyectos y evaluaciones académicas que recibes?",Pienso que los profesores deberían coordinar mejor las fechas de entrega.,11,desagradable,0,2,,deberían coordinar
texto_0148,edgar,edgar_pregunta1_respuesta001.txt,1,¿Cómo te sientes respecto al tiempo que pasas en la escuela y el tiempo libre que te queda en casa?,me siento bien en el colegio porque veo a mis amigos pero llego a la casa con mucha flojera,19,mixto,1,1,bien,flojera
texto_0149,edgar,edgar_pregunta1_respuesta002.txt,1,¿Cómo te sientes respecto al tiempo que pasas en la escuela y el tiempo libre que te queda en casa?,"en la casa me aburro mucho, prefiero estar en la escuela jugando en el descanso",15,desagradable,0,1,,aburro
texto_0150,edgar,edgar_pregunta1_respuesta003.txt,1,¿Cómo te sientes respecto al tiempo que pasas en la escuela y el tiempo libre que te queda en casa?,"full estresado, casi no tengo tiempo libre en mi casa para jugar play",13,mixto,1,5,jugar,"no tengo, casi no tengo, estresado"
texto_0151,edgar,edgar_pregunta1_respuesta004.txt,1,¿Cómo te sientes respecto al tiempo que pasas en la escuela y el tiempo libre que te queda en casa?,me gusta venir al colegio para no estar encerrada en mi cuarto,12,placentero,1,0,gusta,
texto_0152,edgar,edgar_pregunta1_respuesta005.txt,1,¿Cómo te sientes respecto al tiempo que pasas en la escuela y el tiempo libre que te queda en casa?,el tiempo en el colegio pasa rapido pero en la tarde no me alcanza para nada,16,desagradable,0,2,,no me alcanza
texto_0153,edgar,edgar_pregunta1_respuesta006.txt,1,¿Cómo te sientes respecto al tiempo que pasas en la escuela y el tiempo libre que te queda en casa?,"me siento bacano en el colegio, comparto con mis compañeros y en la casa descanso",15,placentero,1,0,bacano,
texto_0154,edgar,edgar_pregunta1_respuesta007.txt,1,¿Cómo te sientes respecto al tiempo que pasas en la escuela y el tiempo libre que te queda en casa?,a veces me da sueño en la mañana pero en la tarde me relajo en mi casa,17,placentero,1,0,relajo,
texto_0155,edgar,edgar_pregunta1_respuesta008.txt,1,¿Cómo te sientes respecto al tiempo que pasas en la escuela y el tiempo libre que te queda en casa?,"bien, me gusta el colegio aunque a veces quiero salir temprano para mi casa",14,placentero,2,0,"bien, gusta",
texto_0157,edgar,edgar_pregunta1_respuesta010.txt,1,¿Cómo te sientes respecto al tiempo que pasas en la escuela y el tiempo libre que te queda en casa?,siento que paso mucho tiempo aca en el colegio y llego muy cansada,13,desagradable,0,1,,cansada
texto_0158,edgar,edgar_pregunta1_respuesta011.txt,1,¿Cómo te sientes respecto al tiempo que pasas en la escuela y el tiempo libre que te queda en casa?,me gusta mas la escuela porque en mi casa pelean mucho,11,placentero,1,0,gusta,
texto_0159,edgar,edgar_pregunta1_respuesta012.txt,1,¿Cómo te sientes respecto al tiempo que pasas en la escuela y el tiempo libre que te queda en casa?,"super bien, me rio mucho con mis amigas aca en 7mo",11,placentero,1,0,bien,
texto_0161,edgar,edgar_pregunta1_respuesta014.txt,1,¿Cómo te sientes respecto al tiempo que pasas en la escuela y el tiempo libre que te queda en casa?,"el tiempo me rinde bien, estudio en la mañana y juego futbol en la tarde",15,placentero,2,0,"bien, juego",
texto_0162,edgar,edgar_pregunta1_respuesta015.txt,1,¿Cómo te sientes respecto al tiempo que pasas en la escuela y el tiempo libre que te queda en casa?,me siento bien pero a veces es mucha la jornada y uno llega con sueño,15,placentero,1,0,bien,
texto_0165,edgar,edgar_pregunta1_respuesta018.txt,1,¿Cómo te sientes respecto al tiempo que pasas en la escuela y el tiempo libre que te queda en casa?,me la paso chevere con mis panas en el colegio,10,placentero,1,0,chevere,
texto_0166,edgar,edgar_pregunta1_respuesta019.txt,1,¿Cómo te sientes respecto al tiempo que pasas en la escuela y el tiempo libre que te queda en casa?,"en la casa es aburrido, aca por lo menos uno habla con la gente",14,desagradable,0,1,,aburrido
texto_0167,edgar,edgar_pregunta1_respuesta020.txt,1,¿Cómo te sientes respecto al tiempo que pasas en la escuela y el tiempo libre que te queda en casa?,bien porque me gusta aprender pero el tiempo libre no me alcanza,12,mixto,3,2,"bien, gusta, aprender",no me alcanza
texto_0168,edgar,edgar_pregunta1_respuesta021.txt,1,¿Cómo te sientes respecto al tiempo que pasas en la escuela y el tiempo libre que te queda en casa?,el colegio es bacano pero madrugar da mucha flojera,9,mixto,1,1,bacano,flojera
texto_0169,edgar,edgar_pregunta1_respuesta022.txt,1,¿Cómo te sientes respecto al tiempo que pasas en la escuela y el tiempo libre que te queda en casa?,"me gusta estar aca, en mi casa hace mucho calor en las tardes",13,placentero,1,0,gusta,
texto_0170,edgar,edgar_pregunta1_respuesta023.txt,1,¿Cómo te sientes respecto al tiempo que pasas en la escuela y el tiempo libre que te queda en casa?,"tranquila, me gusta mi salon y en mi casa descanso",10,placentero,2,0,"tranquila, gusta",
texto_0171,edgar,edgar_pregunta1_respuesta024.txt,1,¿Cómo te sientes respecto al tiempo que pasas en la escuela y el tiempo libre que te queda en casa?,a veces me aburro en clases pero el recreo lo compensa todo,12,desagradable,0,1,,aburro
texto_0173,edgar,edgar_pregunta1_respuesta026.txt,1,¿Cómo te sientes respecto al tiempo que pasas en la escuela y el tiempo libre que te queda en casa?,"me encanta venir, la paso super con mis amigas",9,placentero,1,0,encanta,
texto_0174,edgar,edgar_pregunta1_respuesta027.txt,1,¿Cómo te sientes respecto al tiempo que pasas en la escuela y el tiempo libre que te queda en casa?,en mi casa me relajo mas pero aca aprendo,9,placentero,2,0,"relajo, aprendo",
texto_0175,edgar,edgar_pregunta1_respuesta028.txt,1,¿Cómo te sientes respecto al tiempo que pasas en la escuela y el tiempo libre que te queda en casa?,"el tiempo esta bien, me queda espacio para mis entrenamientos en la tarde",13,placentero,1,0,bien,
texto_0176,edgar,edgar_pregunta1_respuesta029.txt,1,¿Cómo te sientes respecto al tiempo que pasas en la escuela y el tiempo libre que te queda en casa?,me siento cansado casi todos los dias,7,desagradable,0,1,,cansado
texto_0177,edgar,edgar_pregunta1_respuesta030.txt,1,¿Cómo te sientes respecto al tiempo que pasas en la escuela y el tiempo libre que te queda en casa?,"bien, aunque a veces llego a la casa a dormir directo",11,placentero,1,0,bien,
texto_0178,edgar,edgar_pregunta1_respuesta031.txt,1,¿Cómo te sientes respecto al tiempo que pasas en la escuela y el tiempo libre que te queda en casa?,"me gusta el ambiente del colegio, en la casa me pongo triste a veces",14,mixto,1,1,gusta,triste
texto_0180,edgar,edgar_pregunta2_respuesta001.txt,2,"¿Qué opinión tienes sobre el volumen de tareas, proyectos y evaluaciones académicas que recibes?","mucha tarea, de verdad nos acumulan todo para la misma semana",11,desagradable,0,1,,acumulan
texto_0181,edgar,edgar_pregunta2_respuesta002.txt,2,"¿Qué opinión tienes sobre el volumen de tareas, proyectos y evaluaciones académicas que recibes?",a veces dejan poco pero los profesores de matematicas y biologia se pasan,13,desagradable,0,1,,poco
texto_0182,edgar,edgar_pregunta2_respuesta003.txt,2,"¿Qué opinión tienes sobre el volumen de tareas, proyectos y evaluaciones académicas que recibes?","los examenes me dan mucho estres, sobre todo cuando son sorpresa",11,desagradable,0,1,,estres
texto_0183,edgar,edgar_pregunta2_respuesta004.txt,2,"¿Qué opinión tienes sobre el volumen de tareas, proyectos y evaluaciones académicas que recibes?","yo creo que mandan mucha tarea para la casa, deberiamos hacerlas aca",12,desagradable,0,2,,deberiamos hacerlas
texto_0184,edgar,edgar_pregunta2_respuesta005.txt,2,"¿Qué opinión tienes sobre el volumen de tareas, proyectos y evaluaciones académicas que recibes?","normal, si uno se organiza le va bien y no se acumula",12,placentero,1,0,bien,
texto_0185,edgar,edgar_pregunta2_respuesta006.txt,2,"¿Qué opinión tienes sobre el volumen de tareas, proyectos y evaluaciones académicas que recibes?","me parece muy pesada la carga, uno no descansa ni los fines de semana",14,desagradable,0,1,,pesada
texto_0187,edgar,edgar_pregunta2_respuesta008.txt,2,"¿Qué opinión tienes sobre el volumen de tareas, proyectos y evaluaciones académicas que recibes?",a veces nos ponen trabajos en grupo que son dificiles de cuadrar en la tarde,15,desagradable,0,1,,dificiles
texto_0188,edgar,edgar_pregunta2_respuesta009.txt,2,"¿Qué opinión tienes sobre el volumen de tareas, proyectos y evaluaciones académicas que recibes?","bien, pero aja que bajen un poco la cantidad de talleres",11,mixto,1,1,bien,poco
texto_0189,edgar,edgar_pregunta2_respuesta010.txt,2,"¿Qué opinión tienes sobre el volumen de tareas, proyectos y evaluaciones académicas que recibes?",siento que son demasiados proyectos al mismo tiempo,8,desagradable,0,1,,demasiados
texto_0190,edgar,edgar_pregunta2_respuesta011.txt,2,"¿Qué opinión tienes sobre el volumen de tareas, proyectos y evaluaciones académicas que recibes?",las evaluaciones me asustan un poco pero estudio,8,desagradable,0,1,,poco
texto_0191,edgar,edgar_pregunta2_respuesta012.txt,2,"¿Qué opinión tienes sobre el volumen de tareas, proyectos y evaluaciones académicas que recibes?","es mucha presion, a veces lloro por tanta tarea",9,desagradable,0,1,,presion
texto_0194,edgar,edgar_pregunta2_respuesta015.txt,2,"¿Qué opinión tienes sobre el volumen de tareas, proyectos y evaluaciones académicas que recibes?",los trabajos estan bien pero las carteleras dan mucha flojera,10,mixto,1,1,bien,flojera
texto_0195,edgar,edgar_pregunta2_respuesta016.txt,2,"¿Qué opinión tienes sobre el volumen de tareas, proyectos y evaluaciones académicas que recibes?","las evaluaciones son muy dificiles a veces, no explican todo",10,desagradable,0,1,,dificiles
texto_0196,edgar,edgar_pregunta2_respuesta017.txt,2,"¿Qué opinión tienes sobre el volumen de tareas, proyectos y evaluaciones académicas que recibes?","me parece que esta bien, para eso venimos a estudiar",10,placentero,1,0,bien,
texto_0198,edgar,edgar_pregunta2_respuesta019.txt,2,"¿Qué opinión tienes sobre el volumen de tareas, proyectos y evaluaciones académicas que recibes?",me estreso rapido cuando se me acumulan 3 tareas para el mismo dia,13,desagradable,0,1,,acumulan
texto_0200,edgar,edgar_pregunta2_respuesta021.txt,2,"¿Qué opinión tienes sobre el volumen de tareas, proyectos y evaluaciones académicas que recibes?",los proyectos son cheveres pero quitan mucho tiempo,8,placentero,1,0,cheveres,
texto_0202,edgar,edgar_pregunta2_respuesta023.txt,2,"¿Qué opinión tienes sobre el volumen de tareas, proyectos y evaluaciones académicas que recibes?",las evaluaciones me ponen nerviosa,5,desagradable,0,1,,nerviosa
texto_0203,edgar,edgar_pregunta2_respuesta024.txt,2,"¿Qué opinión tienes sobre el volumen de tareas, proyectos y evaluaciones académicas que recibes?",deberian dejar menos tareas los viernes para descansar,8,desagradable,0,2,,deberian dejar
texto_0205,edgar,edgar_pregunta2_respuesta026.txt,2,"¿Qué opinión tienes sobre el volumen de tareas, proyectos y evaluaciones académicas que recibes?",hay demasiada tarea de ingles y no entiendo mucho,9,desagradable,0,1,,demasiada
texto_0206,edgar,edgar_pregunta2_respuesta027.txt,2,"¿Qué opinión tienes sobre el volumen de tareas, proyectos y evaluaciones académicas que recibes?",las tareas estan bien pero los examenes son muy largos,10,placentero,1,0,bien,
texto_0210,edgar,edgar_pregunta2_respuesta031.txt,2,"¿Qué opinión tienes sobre el volumen de tareas, proyectos y evaluaciones académicas que recibes?","bien, pero que no pongan examenes los lunes",8,placentero,1,0,bien,
texto_0212,elvis,elvis_pregunta1_respuesta001.txt,1,¿Cómo te sientes respecto al tiempo que pasas en la escuela y el tiempo libre que te queda en casa?,Me siento bien porque alcanzo a hacer mis tareas y también tengo tiempo para descansar.,15,placentero,1,0,bien,
texto_0213,elvis,elvis_pregunta1_respuesta002.txt,1,¿Cómo te sientes respecto al tiempo que pasas en la escuela y el tiempo libre que te queda en casa?,Creo que paso muchas horas en la escuela y me queda poco tiempo para compartir con mi familia.,18,desagradable,0,1,,poco
texto_0214,elvis,elvis_pregunta1_respuesta003.txt,1,¿Cómo te sientes respecto al tiempo que pasas en la escuela y el tiempo libre que te queda en casa?,Me siento cansado porque después de clases todavía debo hacer muchas tareas.,12,desagradable,0,1,,cansado
texto_0215,elvis,elvis_pregunta1_respuesta004.txt,1,¿Cómo te sientes respecto al tiempo que pasas en la escuela y el tiempo libre que te queda en casa?,"Estoy conforme con el tiempo, ya que puedo estudiar y también practicar deporte.",13,placentero,1,0,conforme,
texto_0216,elvis,elvis_pregunta1_respuesta005.txt,1,¿Cómo te sientes respecto al tiempo que pasas en la escuela y el tiempo libre que te queda en casa?,Siento que el tiempo libre en casa no es suficiente para hacer todo lo que me gusta.,17,mixto,1,2,gusta,no es suficiente
texto_0217,elvis,elvis_pregunta1_respuesta006.txt,1,¿Cómo te sientes respecto al tiempo que pasas en la escuela y el tiempo libre que te queda en casa?,"Me gusta ir a la escuela, pero quisiera salir un poco más temprano.",13,mixto,1,3,gusta,"quisiera, poco"
texto_0218,elvis,elvis_pregunta1_respuesta007.txt,1,¿Cómo te sientes respecto al tiempo que pasas en la escuela y el tiempo libre que te queda en casa?,Considero que el equilibrio entre la escuela y mi tiempo libre es bueno.,13,placentero,2,0,"equilibrio, bueno",
texto_0219,elvis,elvis_pregunta1_respuesta008.txt,1,¿Cómo te sientes respecto al tiempo que pasas en la escuela y el tiempo libre que te queda en casa?,Me siento estresado porque casi todo el día lo dedico a actividades escolares.,13,desagradable,0,1,,estresado
texto_0220,elvis,elvis_pregunta1_respuesta009.txt,1,¿Cómo te sientes respecto al tiempo que pasas en la escuela y el tiempo libre que te queda en casa?,"En casa todavía tengo tiempo para jugar y descansar, así que me siento bien.",14,placentero,2,0,"jugar, bien",
texto_0221,elvis,elvis_pregunta1_respuesta010.txt,1,¿Cómo te sientes respecto al tiempo que pasas en la escuela y el tiempo libre que te queda en casa?,Me gustaría tener menos tareas para aprovechar mejor mi tiempo libre.,11,desagradable,0,2,,me gustaría
texto_0222,elvis,elvis_pregunta1_respuesta011.txt,1,¿Cómo te sientes respecto al tiempo que pasas en la escuela y el tiempo libre que te queda en casa?,Pienso que el horario escolar es adecuado y no me afecta demasiado.,12,placentero,1,0,adecuado,
texto_0223,elvis,elvis_pregunta1_respuesta012.txt,1,¿Cómo te sientes respecto al tiempo que pasas en la escuela y el tiempo libre que te queda en casa?,Algunas veces siento que no tengo tiempo para compartir con mis amigos.,12,desagradable,0,2,,no tengo
texto_0224,elvis,elvis_pregunta1_respuesta013.txt,1,¿Cómo te sientes respecto al tiempo que pasas en la escuela y el tiempo libre que te queda en casa?,Me siento satisfecho porque organizo bien mi tiempo.,8,placentero,3,0,"satisfecho, organizo, bien",
texto_0225,elvis,elvis_pregunta1_respuesta014.txt,1,¿Cómo te sientes respecto al tiempo que pasas en la escuela y el tiempo libre que te queda en casa?,Me parece que paso demasiado tiempo estudiando y muy poco descansando.,11,desagradable,0,2,,"demasiado, poco"
texto_0226,elvis,elvis_pregunta1_respuesta015.txt,1,¿Cómo te sientes respecto al tiempo que pasas en la escuela y el tiempo libre que te queda en casa?,Estoy feliz porque puedo realizar mis actividades favoritas después de clases.,11,placentero,1,0,feliz,
texto_0227,elvis,elvis_pregunta1_respuesta016.txt,1,¿Cómo te sientes respecto al tiempo que pasas en la escuela y el tiempo libre que te queda en casa?,Siento que llego muy cansado a casa y solo quiero dormir.,11,desagradable,0,3,,"solo quiero dormir, cansado"
texto_0228,elvis,elvis_pregunta1_respuesta017.txt,1,¿Cómo te sientes respecto al tiempo que pasas en la escuela y el tiempo libre que te queda en casa?,Creo que el tiempo en la escuela es necesario para aprender.,11,placentero,2,0,"necesario, aprender",
texto_0229,elvis,elvis_pregunta1_respuesta018.txt,1,¿Cómo te sientes respecto al tiempo que pasas en la escuela y el tiempo libre que te queda en casa?,Me gustaría tener más tiempo para leer y practicar mis pasatiempos.,11,desagradable,0,2,,me gustaría
texto_0230,elvis,elvis_pregunta1_respuesta019.txt,1,¿Cómo te sientes respecto al tiempo que pasas en la escuela y el tiempo libre que te queda en casa?,Considero que tengo un buen equilibrio entre estudio y descanso.,10,placentero,2,0,"buen, equilibrio",
texto_0232,elvis,elvis_pregunta1_respuesta021.txt,1,¿Cómo te sientes respecto al tiempo que pasas en la escuela y el tiempo libre que te queda en casa?,Me siento tranquilo porque puedo cumplir con mis responsabilidades.,9,placentero,2,0,"tranquilo, cumplir",
texto_0233,elvis,elvis_pregunta1_respuesta022.txt,1,¿Cómo te sientes respecto al tiempo que pasas en la escuela y el tiempo libre que te queda en casa?,Creo que debería haber más tiempo para actividades recreativas.,9,desagradable,0,2,,debería haber
texto_0234,elvis,elvis_pregunta1_respuesta023.txt,1,¿Cómo te sientes respecto al tiempo que pasas en la escuela y el tiempo libre que te queda en casa?,Estoy conforme porque los fines de semana puedo descansar.,9,placentero,1,0,conforme,
texto_0235,elvis,elvis_pregunta1_respuesta024.txt,1,¿Cómo te sientes respecto al tiempo que pasas en la escuela y el tiempo libre que te queda en casa?,Me siento agotado cuando tengo muchas evaluaciones en la semana.,10,desagradable,0,1,,agotado
texto_0236,elvis,elvis_pregunta1_respuesta025.txt,1,¿Cómo te sientes respecto al tiempo que pasas en la escuela y el tiempo libre que te queda en casa?,Me gustaría tener más tiempo para hacer ejercicio.,8,desagradable,0,2,,me gustaría
texto_0237,elvis,elvis_pregunta1_respuesta026.txt,1,¿Cómo te sientes respecto al tiempo que pasas en la escuela y el tiempo libre que te queda en casa?,"Pienso que la escuela ocupa gran parte de mi día, pero vale la pena.",14,placentero,2,0,vale la pena,
texto_0238,elvis,elvis_pregunta1_respuesta027.txt,1,¿Cómo te sientes respecto al tiempo que pasas en la escuela y el tiempo libre que te queda en casa?,En ocasiones me siento aburrido porque no tengo tiempo para salir.,11,desagradable,0,3,,"no tengo, aburrido"
texto_0239,elvis,elvis_pregunta1_respuesta028.txt,1,¿Cómo te sientes respecto al tiempo que pasas en la escuela y el tiempo libre que te queda en casa?,Me siento motivado porque puedo aprender cosas nuevas todos los días.,11,placentero,1,0,aprender,
texto_0240,elvis,elvis_pregunta1_respuesta029.txt,1,¿Cómo te sientes respecto al tiempo que pasas en la escuela y el tiempo libre que te queda en casa?,Me gustaría pasar más tiempo con mi familia durante la semana.,11,desagradable,0,2,,me gustaría
texto_0242,elvis,elvis_pregunta1_respuesta031.txt,1,¿Cómo te sientes respecto al tiempo que pasas en la escuela y el tiempo libre que te queda en casa?,Algunas veces me siento presionado por las tareas escolares.,9,desagradable,0,1,,presionado
texto_0243,elvis,elvis_pregunta1_respuesta032.txt,1,¿Cómo te sientes respecto al tiempo que pasas en la escuela y el tiempo libre que te queda en casa?,Me siento contento porque todavía puedo dedicar tiempo a mis hobbies.,11,placentero,1,0,contento,
texto_0245,elvis,elvis_pregunta1_respuesta034.txt,1,¿Cómo te sientes respecto al tiempo que pasas en la escuela y el tiempo libre que te queda en casa?,Me gustaría que hubiera menos actividades para la casa.,9,desagradable,0,2,,me gustaría
texto_0246,elvis,elvis_pregunta1_respuesta035.txt,1,¿Cómo te sientes respecto al tiempo que pasas en la escuela y el tiempo libre que te queda en casa?,Me siento bien porque puedo descansar después de terminar mis deberes.,11,placentero,1,0,bien,
texto_0247,elvis,elvis_pregunta1_respuesta036.txt,1,¿Cómo te sientes respecto al tiempo que pasas en la escuela y el tiempo libre que te queda en casa?,Considero que necesito más tiempo libre para relajarme.,8,desagradable,0,1,,necesito
texto_0248,elvis,elvis_pregunta1_respuesta037.txt,1,¿Cómo te sientes respecto al tiempo que pasas en la escuela y el tiempo libre que te queda en casa?,Estoy satisfecho porque puedo combinar el estudio con otras actividades.,10,placentero,1,0,satisfecho,
texto_0249,elvis,elvis_pregunta1_respuesta038.txt,1,¿Cómo te sientes respecto al tiempo que pasas en la escuela y el tiempo libre que te queda en casa?,Siento que la escuela ocupa demasiado tiempo de mi rutina diaria.,11,desagradable,0,1,,demasiado
texto_0250,elvis,elvis_pregunta1_respuesta039.txt,1,¿Cómo te sientes respecto al tiempo que pasas en la escuela y el tiempo libre que te queda en casa?,Me parece que el tiempo libre es suficiente cuando no dejan muchas tareas.,13,desagradable,0,2,,no dejan
texto_0251,elvis,elvis_pregunta1_respuesta040.txt,1,¿Cómo te sientes respecto al tiempo que pasas en la escuela y el tiempo libre que te queda en casa?,"En general, me siento bien, aunque me gustaría tener un poco más de tiempo para descansar y compartir con mi familia.",21,mixto,1,3,bien,"me gustaría, poco"
texto_0252,elvis,elvis_pregunta2_respuesta001.txt,2,"¿Qué opinión tienes sobre el volumen de tareas, proyectos y evaluaciones académicas que recibes?",Considero que la cantidad de tareas es adecuada y me ayuda a reforzar lo aprendido.,15,placentero,1,0,adecuada,
texto_0253,elvis,elvis_pregunta2_respuesta002.txt,2,"¿Qué opinión tienes sobre el volumen de tareas, proyectos y evaluaciones académicas que recibes?",Pienso que recibimos demasiadas tareas durante la semana.,8,desagradable,0,1,,demasiadas
texto_0254,elvis,elvis_pregunta2_respuesta003.txt,2,"¿Qué opinión tienes sobre el volumen de tareas, proyectos y evaluaciones académicas que recibes?","Me parece que los proyectos son interesantes, pero a veces coinciden con muchas evaluaciones.",14,placentero,1,0,interesantes,
texto_0255,elvis,elvis_pregunta2_respuesta004.txt,2,"¿Qué opinión tienes sobre el volumen de tareas, proyectos y evaluaciones académicas que recibes?",Creo que el volumen de trabajo académico es excesivo.,9,desagradable,0,1,,excesivo
texto_0256,elvis,elvis_pregunta2_respuesta005.txt,2,"¿Qué opinión tienes sobre el volumen de tareas, proyectos y evaluaciones académicas que recibes?",Estoy conforme con las actividades porque me permiten aprender más.,10,placentero,2,0,"conforme, aprender",
texto_0257,elvis,elvis_pregunta2_respuesta006.txt,2,"¿Qué opinión tienes sobre el volumen de tareas, proyectos y evaluaciones académicas que recibes?",Me gustaría que las tareas fueran menos frecuentes.,8,desagradable,0,2,,me gustaría
texto_0258,elvis,elvis_pregunta2_respuesta007.txt,2,"¿Qué opinión tienes sobre el volumen de tareas, proyectos y evaluaciones académicas que recibes?",Considero que algunas materias dejan demasiados trabajos.,7,desagradable,0,1,,demasiados
texto_0259,elvis,elvis_pregunta2_respuesta008.txt,2,"¿Qué opinión tienes sobre el volumen de tareas, proyectos y evaluaciones académicas que recibes?",Pienso que las evaluaciones están bien distribuidas durante el período.,10,placentero,1,0,bien,
texto_0260,elvis,elvis_pregunta2_respuesta009.txt,2,"¿Qué opinión tienes sobre el volumen de tareas, proyectos y evaluaciones académicas que recibes?",A veces siento que no tengo suficiente tiempo para terminar todo.,11,desagradable,0,2,,no tengo
texto_0261,elvis,elvis_pregunta2_respuesta010.txt,2,"¿Qué opinión tienes sobre el volumen de tareas, proyectos y evaluaciones académicas que recibes?",Me parece que los proyectos ayudan a desarrollar habilidades importantes.,10,placentero,1,0,importantes,
texto_0262,elvis,elvis_pregunta2_respuesta011.txt,2,"¿Qué opinión tienes sobre el volumen de tareas, proyectos y evaluaciones académicas que recibes?",Creo que deberían coordinar mejor las fechas de entrega entre los profesores.,12,desagradable,0,2,,deberían coordinar
texto_0263,elvis,elvis_pregunta2_respuesta012.txt,2,"¿Qué opinión tienes sobre el volumen de tareas, proyectos y evaluaciones académicas que recibes?",Estoy satisfecho con la cantidad de tareas que recibimos.,9,placentero,1,0,satisfecho,
texto_0266,elvis,elvis_pregunta2_respuesta015.txt,2,"¿Qué opinión tienes sobre el volumen de tareas, proyectos y evaluaciones académicas que recibes?",Me gusta que haya proyectos porque fomentan el trabajo en equipo.,11,placentero,1,0,gusta,
texto_0267,elvis,elvis_pregunta2_respuesta016.txt,2,"¿Qué opinión tienes sobre el volumen de tareas, proyectos y evaluaciones académicas que recibes?",Considero que el nivel de exigencia es apropiado.,8,mixto,1,1,apropiado,exigencia
texto_0270,elvis,elvis_pregunta2_respuesta019.txt,2,"¿Qué opinión tienes sobre el volumen de tareas, proyectos y evaluaciones académicas que recibes?",Me gustaría tener más tiempo para realizar los proyectos.,9,desagradable,0,2,,me gustaría
texto_0271,elvis,elvis_pregunta2_respuesta020.txt,2,"¿Qué opinión tienes sobre el volumen de tareas, proyectos y evaluaciones académicas que recibes?",Pienso que el número de actividades aumenta demasiado al final del período.,12,desagradable,0,1,,demasiado
texto_0272,elvis,elvis_pregunta2_respuesta021.txt,2,"¿Qué opinión tienes sobre el volumen de tareas, proyectos y evaluaciones académicas que recibes?",Estoy de acuerdo con la cantidad de trabajos cuando están bien organizados.,12,placentero,1,0,bien,
texto_0274,elvis,elvis_pregunta2_respuesta023.txt,2,"¿Qué opinión tienes sobre el volumen de tareas, proyectos y evaluaciones académicas que recibes?","Me siento presionado cuando coinciden tareas, proyectos y exámenes.",9,desagradable,0,1,,presionado
texto_0275,elvis,elvis_pregunta2_respuesta024.txt,2,"¿Qué opinión tienes sobre el volumen de tareas, proyectos y evaluaciones académicas que recibes?",Pienso que el trabajo académico es equilibrado la mayor parte del tiempo.,12,placentero,1,0,equilibrado,
texto_0276,elvis,elvis_pregunta2_respuesta025.txt,2,"¿Qué opinión tienes sobre el volumen de tareas, proyectos y evaluaciones académicas que recibes?",Me gustaría que hubiera menos evaluaciones escritas.,7,desagradable,0,2,,me gustaría
texto_0277,elvis,elvis_pregunta2_respuesta026.txt,2,"¿Qué opinión tienes sobre el volumen de tareas, proyectos y evaluaciones académicas que recibes?",Considero que las tareas fortalecen mi responsabilidad.,7,placentero,1,0,fortalecen,
texto_0278,elvis,elvis_pregunta2_respuesta027.txt,2,"¿Qué opinión tienes sobre el volumen de tareas, proyectos y evaluaciones académicas que recibes?",Creo que algunos proyectos requieren demasiado tiempo.,7,desagradable,0,1,,demasiado
texto_0279,elvis,elvis_pregunta2_respuesta028.txt,2,"¿Qué opinión tienes sobre el volumen de tareas, proyectos y evaluaciones académicas que recibes?",Estoy conforme porque las actividades me preparan para el futuro.,10,placentero,1,0,conforme,
texto_0280,elvis,elvis_pregunta2_respuesta029.txt,2,"¿Qué opinión tienes sobre el volumen de tareas, proyectos y evaluaciones académicas que recibes?",Pienso que la carga académica debería distribuirse mejor.,8,desagradable,0,2,,debería distribuirse
texto_0281,elvis,elvis_pregunta2_respuesta030.txt,2,"¿Qué opinión tienes sobre el volumen de tareas, proyectos y evaluaciones académicas que recibes?","Me parece que las tareas son necesarias, pero no deberían ser tantas.",12,mixto,1,2,necesarias,deberían ser
texto_0283,elvis,elvis_pregunta2_respuesta032.txt,2,"¿Qué opinión tienes sobre el volumen de tareas, proyectos y evaluaciones académicas que recibes?",Considero que las evaluaciones son justas y necesarias.,8,placentero,1,0,necesarias,
texto_0284,elvis,elvis_pregunta2_respuesta033.txt,2,"¿Qué opinión tienes sobre el volumen de tareas, proyectos y evaluaciones académicas que recibes?",Me gustaría que los profesores coordinaran mejor las fechas de entrega.,11,desagradable,0,2,,me gustaría
texto_0285,elvis,elvis_pregunta2_respuesta034.txt,2,"¿Qué opinión tienes sobre el volumen de tareas, proyectos y evaluaciones académicas que recibes?",Pienso que el volumen de actividades es aceptable si me organizo bien.,12,placentero,3,0,"aceptable, organizo, bien",
texto_0286,elvis,elvis_pregunta2_respuesta035.txt,2,"¿Qué opinión tienes sobre el volumen de tareas, proyectos y evaluaciones académicas que recibes?",Me siento motivado cuando los proyectos son creativos e interesantes.,10,placentero,1,0,interesantes,
texto_0287,elvis,elvis_pregunta2_respuesta036.txt,2,"¿Qué opinión tienes sobre el volumen de tareas, proyectos y evaluaciones académicas que recibes?",Considero que la carga académica puede ser estresante en ciertas ocasiones.,11,desagradable,0,1,,estresante
texto_0288,elvis,elvis_pregunta2_respuesta037.txt,2,"¿Qué opinión tienes sobre el volumen de tareas, proyectos y evaluaciones académicas que recibes?",Estoy satisfecho porque las tareas me ayudan a mejorar mis conocimientos.,11,placentero,1,0,satisfecho,
texto_0289,elvis,elvis_pregunta2_respuesta038.txt,2,"¿Qué opinión tienes sobre el volumen de tareas, proyectos y evaluaciones académicas que recibes?",Pienso que deberían disminuir los trabajos para la casa.,9,desagradable,0,2,,deberían disminuir
texto_0290,elvis,elvis_pregunta2_respuesta039.txt,2,"¿Qué opinión tienes sobre el volumen de tareas, proyectos y evaluaciones académicas que recibes?","Me parece que existe un buen equilibrio entre tareas, proyectos y evaluaciones.",12,placentero,2,0,"buen, equilibrio",
texto_0291,elvis,elvis_pregunta2_respuesta040.txt,2,"¿Qué opinión tienes sobre el volumen de tareas, proyectos y evaluaciones académicas que recibes?","En general, considero que la carga académica es adecuada, aunque en algunas semanas resulta demasiado exigente.",16,mixto,1,2,adecuada,"demasiado, exigente"
texto_0292,jaime,Encuesta_Jaime_001.txt,1,¿Cómo te sientes respecto al tiempo que pasas en la escuela y el tiempo libre que te queda en casa?,En la escuela me siento a gusto porque puedo aprender y compartir con mis amigos.,15,placentero,2,0,"gusto, aprender",
texto_0293,jaime,Encuesta_Jaime_001.txt,2,"¿Qué opinión tienes sobre el volumen de tareas, proyectos y evaluaciones académicas que recibes?",Considero que la cantidad de tareas es adecuada y normalmente puedo terminarlas sin dificultad.,14,placentero,1,0,adecuada,
texto_0294,jaime,Encuesta_Jaime_002.txt,1,¿Cómo te sientes respecto al tiempo que pasas en la escuela y el tiempo libre que te queda en casa?,"Algunas veces termino cansado al llegar a casa, pero también tengo un momento para descansar.",15,desagradable,0,1,,cansado
texto_0296,jaime,Encuesta_Jaime_003.txt,1,¿Cómo te sientes respecto al tiempo que pasas en la escuela y el tiempo libre que te queda en casa?,Me siento cómodo en el colegio y disfruto las actividades que hacemos durante la jornada.,15,placentero,2,0,"cómodo, disfruto",
texto_0297,jaime,Encuesta_Jaime_003.txt,2,"¿Qué opinión tienes sobre el volumen de tareas, proyectos y evaluaciones académicas que recibes?",No recibimos demasiadas tareas y me parece que sirven para reforzar lo aprendido en clase.,15,desagradable,0,1,,demasiadas
texto_0298,jaime,Encuesta_Jaime_004.txt,1,¿Cómo te sientes respecto al tiempo que pasas en la escuela y el tiempo libre que te queda en casa?,Disfruto estudiar y pasar tiempo con mis compañeros; cuando llego a casa todavía tengo algo de tiempo libre.,18,placentero,1,0,disfruto,
texto_0299,jaime,Encuesta_Jaime_004.txt,2,"¿Qué opinión tienes sobre el volumen de tareas, proyectos y evaluaciones académicas que recibes?",Los trabajos y evaluaciones me parecen manejables cuando presto atención y organizo mi tiempo.,14,placentero,1,0,organizo,
texto_0300,jaime,Encuesta_Jaime_005.txt,1,¿Cómo te sientes respecto al tiempo que pasas en la escuela y el tiempo libre que te queda en casa?,Al llegar a casa primero descanso o juego un poco y luego me dedico a las tareas.,17,mixto,1,1,juego,poco
texto_0302,jaime,Encuesta_Jaime_006.txt,1,¿Cómo te sientes respecto al tiempo que pasas en la escuela y el tiempo libre que te queda en casa?,La jornada escolar me parece adecuada y normalmente puedo aprovechar parte de la tarde para mí.,16,placentero,1,0,adecuada,
texto_0303,jaime,Encuesta_Jaime_006.txt,2,"¿Qué opinión tienes sobre el volumen de tareas, proyectos y evaluaciones académicas que recibes?",En general el volumen de actividades es apropiado y puedo cumplir con ellas a tiempo.,15,placentero,2,0,"apropiado, cumplir",
texto_0304,jaime,Encuesta_Jaime_007.txt,1,¿Cómo te sientes respecto al tiempo que pasas en la escuela y el tiempo libre que te queda en casa?,"Hay días en que salgo cansado, aunque generalmente tengo tiempo suficiente para descansar en casa.",15,desagradable,0,1,,cansado
texto_0306,jaime,Encuesta_Jaime_008.txt,1,¿Cómo te sientes respecto al tiempo que pasas en la escuela y el tiempo libre que te queda en casa?,Me gusta la escuela porque aprendo cosas nuevas y también puedo convivir con mis compañeros.,15,placentero,2,0,"gusta, aprendo",
texto_0307,jaime,Encuesta_Jaime_008.txt,2,"¿Qué opinión tienes sobre el volumen de tareas, proyectos y evaluaciones académicas que recibes?",Me parece bien la cantidad de actividades porque ayudan a recordar y comprender mejor los temas.,16,placentero,1,0,bien,
texto_0308,jaime,Encuesta_Jaime_009.txt,1,¿Cómo te sientes respecto al tiempo que pasas en la escuela y el tiempo libre que te queda en casa?,"Cuando termina la jornada tengo tiempo para hacer mis cosas, aunque algunas veces las tareas ocupan buena parte de la tarde.",21,placentero,1,0,buena,
texto_0309,jaime,Encuesta_Jaime_009.txt,2,"¿Qué opinión tienes sobre el volumen de tareas, proyectos y evaluaciones académicas que recibes?","Las tareas son aceptables, aunque cuando coinciden varios trabajos necesito organizarme mejor.",12,desagradable,0,1,,necesito
texto_0310,jaime,Encuesta_Jaime_010.txt,1,¿Cómo te sientes respecto al tiempo que pasas en la escuela y el tiempo libre que te queda en casa?,Me siento bien con el horario del colegio porque puedo estudiar y después disfrutar un rato en casa.,18,placentero,2,0,"bien, disfrutar",
texto_0311,jaime,Encuesta_Jaime_010.txt,2,"¿Qué opinión tienes sobre el volumen de tareas, proyectos y evaluaciones académicas que recibes?",El número de evaluaciones me parece razonable y las tareas no suelen ser excesivas.,14,desagradable,0,1,,excesivas
texto_0312,jaime,Encuesta_Jaime_011.txt,1,¿Cómo te sientes respecto al tiempo que pasas en la escuela y el tiempo libre que te queda en casa?,En general estoy contento con el tiempo que paso en la escuela y con el tiempo libre que tengo después.,20,placentero,1,0,contento,
texto_0313,jaime,Encuesta_Jaime_011.txt,2,"¿Qué opinión tienes sobre el volumen de tareas, proyectos y evaluaciones académicas que recibes?",Creo que las actividades escolares tienen una cantidad adecuada y permiten practicar lo aprendido.,14,placentero,1,0,adecuada,
texto_0314,jaime,Encuesta_Jaime_012.txt,1,¿Cómo te sientes respecto al tiempo que pasas en la escuela y el tiempo libre que te queda en casa?,"A veces la jornada se siente larga, pero al llegar a casa puedo descansar antes de continuar con mis actividades.",20,desagradable,0,1,,larga
texto_0315,jaime,Encuesta_Jaime_012.txt,2,"¿Qué opinión tienes sobre el volumen de tareas, proyectos y evaluaciones académicas que recibes?",Hay momentos en que se acumulan varios trabajos y eso hace que la semana sea un poco pesada.,18,desagradable,0,3,,"acumulan, poco, pesada"
texto_0316,jaime,Encuesta_Jaime_013.txt,1,¿Cómo te sientes respecto al tiempo que pasas en la escuela y el tiempo libre que te queda en casa?,Me gusta asistir al colegio y considero que todavía tengo suficiente tiempo para jugar y descansar.,16,placentero,2,0,"gusta, jugar",
texto_0317,jaime,Encuesta_Jaime_013.txt,2,"¿Qué opinión tienes sobre el volumen de tareas, proyectos y evaluaciones académicas que recibes?","Las tareas me parecen necesarias, pero sería bueno que estuvieran bien distribuidas durante la semana.",15,placentero,3,0,"necesarias, bueno, bien",
texto_0318,jaime,Encuesta_Jaime_014.txt,1,¿Cómo te sientes respecto al tiempo que pasas en la escuela y el tiempo libre que te queda en casa?,El tiempo en la escuela es bueno para aprender y compartir; en casa trato de organizarme para tener un rato libre.,21,placentero,2,0,"bueno, aprender",
texto_0319,jaime,Encuesta_Jaime_014.txt,2,"¿Qué opinión tienes sobre el volumen de tareas, proyectos y evaluaciones académicas que recibes?",En general puedo cumplir con los trabajos y proyectos sin sentir que son demasiados.,14,mixto,1,1,cumplir,demasiados
texto_0321,jaime,Encuesta_Jaime_015.txt,2,"¿Qué opinión tienes sobre el volumen de tareas, proyectos y evaluaciones académicas que recibes?","Las actividades son útiles para aprender, aunque algunas tareas requieren bastante tiempo.",12,placentero,1,0,aprender,
texto_0323,jaime,Encuesta_Jaime_016.txt,2,"¿Qué opinión tienes sobre el volumen de tareas, proyectos y evaluaciones académicas que recibes?",Considero que la cantidad de tareas está bien siempre que tengamos suficiente tiempo para realizarlas.,15,placentero,1,0,bien,
texto_0324,jaime,Encuesta_Jaime_017.txt,1,¿Cómo te sientes respecto al tiempo que pasas en la escuela y el tiempo libre que te queda en casa?,"Me gusta estar en el colegio, aunque algunos días quisiera disponer de un poco más de tiempo libre.",18,mixto,1,3,gusta,"quisiera, poco"
texto_0325,jaime,Encuesta_Jaime_017.txt,2,"¿Qué opinión tienes sobre el volumen de tareas, proyectos y evaluaciones académicas que recibes?","A veces recibimos varias actividades al mismo tiempo, pero puedo sacarlas adelante si me organizo.",15,placentero,1,0,organizo,
texto_0326,jaime,Encuesta_Jaime_018.txt,1,¿Cómo te sientes respecto al tiempo que pasas en la escuela y el tiempo libre que te queda en casa?,"Generalmente tengo un buen equilibrio entre el estudio, el descanso y el tiempo para divertirme en casa.",17,placentero,2,0,"buen, equilibrio",
texto_0329,jaime,Encuesta_Jaime_019.txt,2,"¿Qué opinión tienes sobre el volumen de tareas, proyectos y evaluaciones académicas que recibes?","Pienso que hay una cantidad equilibrada de tareas y proyectos, sin que sea demasiado pesada.",15,mixto,1,2,equilibrada,"demasiado, pesada"
texto_0330,jaime,Encuesta_Jaime_020.txt,1,¿Cómo te sientes respecto al tiempo que pasas en la escuela y el tiempo libre que te queda en casa?,El horario escolar me parece apropiado porque no ocupa todo mi tiempo después de clases.,15,placentero,1,0,apropiado,
texto_0331,jaime,Encuesta_Jaime_020.txt,2,"¿Qué opinión tienes sobre el volumen de tareas, proyectos y evaluaciones académicas que recibes?","Las evaluaciones están bien, aunque prefiero que nos avisen con anticipación para poder estudiar.",14,placentero,1,0,bien,
texto_0333,jaime,Encuesta_Jaime_021.txt,2,"¿Qué opinión tienes sobre el volumen de tareas, proyectos y evaluaciones académicas que recibes?","Algunas actividades son largas, pero en general la cantidad de trabajo me parece aceptable.",14,placentero,1,0,aceptable,
texto_0334,jaime,Encuesta_Jaime_022.txt,1,¿Cómo te sientes respecto al tiempo que pasas en la escuela y el tiempo libre que te queda en casa?,Me agrada la jornada escolar porque puedo aprender y también compartir con mis compañeros.,14,placentero,1,0,aprender,
texto_0335,jaime,Encuesta_Jaime_022.txt,2,"¿Qué opinión tienes sobre el volumen de tareas, proyectos y evaluaciones académicas que recibes?",Creo que las tareas tienen un buen propósito porque permiten practicar y aclarar dudas.,14,placentero,1,0,buen,
texto_0336,jaime,Encuesta_Jaime_023.txt,1,¿Cómo te sientes respecto al tiempo que pasas en la escuela y el tiempo libre que te queda en casa?,"Cuando llego a casa necesito descansar un poco, pero después puedo realizar mis tareas sin problema.",16,desagradable,0,3,,"necesito, poco, problema"
texto_0337,jaime,Encuesta_Jaime_023.txt,2,"¿Qué opinión tienes sobre el volumen de tareas, proyectos y evaluaciones académicas que recibes?","En ciertas semanas hay bastante trabajo, pero normalmente puedo cumplir con todo.",12,placentero,1,0,cumplir,
texto_0338,jaime,Encuesta_Jaime_024.txt,1,¿Cómo te sientes respecto al tiempo que pasas en la escuela y el tiempo libre que te queda en casa?,Siento que paso un tiempo adecuado en la escuela y que todavía puedo dedicar parte de la tarde a mis intereses.,21,placentero,1,0,adecuado,
texto_0339,jaime,Encuesta_Jaime_024.txt,2,"¿Qué opinión tienes sobre el volumen de tareas, proyectos y evaluaciones académicas que recibes?",El volumen de tareas me parece adecuado y no considero que sea excesivo.,13,placentero,1,0,adecuado,
texto_0340,jaime,Encuesta_Jaime_025.txt,1,¿Cómo te sientes respecto al tiempo que pasas en la escuela y el tiempo libre que te queda en casa?,Me gusta la rutina del colegio y trato de aprovechar el tiempo en casa para descansar y divertirme.,18,placentero,1,0,gusta,
texto_0341,jaime,Encuesta_Jaime_025.txt,2,"¿Qué opinión tienes sobre el volumen de tareas, proyectos y evaluaciones académicas que recibes?","Me parece que los proyectos son interesantes, aunque requieren organizar bien el tiempo en casa.",15,placentero,2,0,"interesantes, bien",
texto_0342,jaime,Encuesta_Jaime_026.txt,1,¿Cómo te sientes respecto al tiempo que pasas en la escuela y el tiempo libre que te queda en casa?,"Hay ocasiones en las que la jornada me parece pesada, aunque la mayor parte del tiempo me siento bien.",19,mixto,1,1,bien,pesada
texto_0344,jaime,Encuesta_Jaime_027.txt,1,¿Cómo te sientes respecto al tiempo que pasas en la escuela y el tiempo libre que te queda en casa?,"La escuela me ocupa una buena parte del día, pero considero que el tiempo libre que queda es suficiente.",19,placentero,1,0,buena,
texto_0346,jaime,Encuesta_Jaime_028.txt,1,¿Cómo te sientes respecto al tiempo que pasas en la escuela y el tiempo libre que te queda en casa?,Disfruto venir al colegio porque además de estudiar puedo relacionarme con mis amigos.,13,placentero,1,0,disfruto,
texto_0347,jaime,Encuesta_Jaime_028.txt,2,"¿Qué opinión tienes sobre el volumen de tareas, proyectos y evaluaciones académicas que recibes?",Considero que la cantidad de actividades es apropiada para aprender sin dejar de tener tiempo libre.,16,placentero,2,0,"apropiada, aprender",
texto_0349,jaime,Encuesta_Jaime_029.txt,2,"¿Qué opinión tienes sobre el volumen de tareas, proyectos y evaluaciones académicas que recibes?",Las tareas no me parecen demasiadas y normalmente logro terminarlas dentro del tiempo disponible.,14,desagradable,0,1,,demasiadas
texto_0350,jaime,Encuesta_Jaime_030.txt,1,¿Cómo te sientes respecto al tiempo que pasas en la escuela y el tiempo libre que te queda en casa?,En general me siento satisfecho con el tiempo de estudio y con los momentos que tengo para descansar en casa.,20,placentero,1,0,satisfecho,
texto_0351,jaime,Encuesta_Jaime_030.txt,2,"¿Qué opinión tienes sobre el volumen de tareas, proyectos y evaluaciones académicas que recibes?","En general estoy conforme con la cantidad de tareas, proyectos y evaluaciones que recibimos.",14,placentero,1,0,conforme,
texto_0352,jair,jair_pregunta1_respuesta001.txt,1,¿Cómo te sientes respecto al tiempo que pasas en la escuela y el tiempo libre que te queda en casa?,"Bueno la verdad me siento mal porque salimos muy tarde y en mi casa no me da tiempo de hacer casi nada porque siempre estoy haciendo tareas o estudiando para exámenes, cuando tengo tiempo libre normalmente solo me baño y veo televisión.",42,desagradable,0,1,,mal
texto_0353,jair,jair_pregunta1_respuesta002.txt,1,¿Cómo te sientes respecto al tiempo que pasas en la escuela y el tiempo libre que te queda en casa?,La verdad es que siento muy mal porque salgo a las 2 de la tarde y yo debería salir a las 11 de la mañana una hora justa para todas las claques que quieran y a veces ni tiempo de bañarme y tengo que pasar un pañito porque ni agua y me acuesto así con un pañito limpia para mi sueñito para cerrar los ojos y la alarma ya sonando. Que triste la verdad.,74,desagradable,0,4,,"debería salir, mal, triste"
texto_0354,jair,jair_pregunta1_respuesta003.txt,1,¿Cómo te sientes respecto al tiempo que pasas en la escuela y el tiempo libre que te queda en casa?,Que la escuela paso medio tiempo aburrido y en la casa me puedo divertir más.,15,desagradable,0,1,,aburrido
texto_0355,jair,jair_pregunta1_respuesta004.txt,1,¿Cómo te sientes respecto al tiempo que pasas en la escuela y el tiempo libre que te queda en casa?,Que paso mucho tiempo aquí y no me da tiempo de hacer nada solo puedo bañarme me siento muy mal.,20,desagradable,0,1,,mal
texto_0356,jair,jair_pregunta1_respuesta005.txt,1,¿Cómo te sientes respecto al tiempo que pasas en la escuela y el tiempo libre que te queda en casa?,"Pues en el colegio más o menos, además que es el calor es bastante fuerte, pero en casa no me alcanza el tiempo para realizar mis hobbies debido a la cantidad de trabajos en plataformas, paginas a realizar, prepararme para exámenes, repasar, organizarme para el día siguiente, si me da tiempo me aseo o me peino.",56,desagradable,0,2,,no me alcanza
texto_0357,jair,jair_pregunta1_respuesta006.txt,1,¿Cómo te sientes respecto al tiempo que pasas en la escuela y el tiempo libre que te queda en casa?,"En el colegio me siento bien feliz y a veces enojada por las tareas del resto bien y en casa me siento mejor, tranquila, normal y a veces me pongo enojada porque me regañaron por nada a veces.",38,placentero,4,0,"bien, feliz, bien, tranquila",
texto_0358,jair,jair_pregunta1_respuesta007.txt,1,¿Cómo te sientes respecto al tiempo que pasas en la escuela y el tiempo libre que te queda en casa?,"Un poco enojada porque el tiempo que llevo en la escuela 8 horas, llego a la casa a comer (1 hora) luego tengo que hacer las tareas (4 horas) y solo me queda dormir para levantarme a las 5 de la mañana.",42,desagradable,0,1,,poco
texto_0359,jair,jair_pregunta1_respuesta008.txt,1,¿Cómo te sientes respecto al tiempo que pasas en la escuela y el tiempo libre que te queda en casa?,"Me parece que me queda muy poco tiempo ya que aparte del horario tengo que estudiar, hacer tareas, etc., y eso me deja muy cansada.",25,desagradable,0,2,,"poco, cansada"
texto_0360,jair,jair_pregunta1_respuesta009.txt,1,¿Cómo te sientes respecto al tiempo que pasas en la escuela y el tiempo libre que te queda en casa?,"En el colegio regular porque salimos muy tarde y hace mucho calor pero mandan muchas actividades y en casa no tengo tiempo libre porque siempre estoy haciendo tareas, estudiando para exposiciones o para exámenes, quices y talleres. Si tengo tiempo libre voy a la práctica, como o veo televisión.",49,desagradable,0,2,,no tengo
texto_0362,jair,jair_pregunta1_respuesta011.txt,1,¿Cómo te sientes respecto al tiempo que pasas en la escuela y el tiempo libre que te queda en casa?,"Bueno, el tiempo que nos dan en la escuela es primordial. Pero, siento que algunas veces el tiempo que nos queda en casa en muy poco la verdad.",28,mixto,1,1,primordial,poco
texto_0363,jair,jair_pregunta1_respuesta012.txt,1,¿Cómo te sientes respecto al tiempo que pasas en la escuela y el tiempo libre que te queda en casa?,Bien porque paso con mis amigos.,6,placentero,1,0,bien,
texto_0364,jair,jair_pregunta1_respuesta013.txt,1,¿Cómo te sientes respecto al tiempo que pasas en la escuela y el tiempo libre que te queda en casa?,Yo me siento en la escuela muy bien porque hay ahí comparto con mis compañeros y aprendo muchas cosas y en la casa excelente porque ahí deseando y paso tiempo con mi familia.,33,placentero,2,0,"bien, aprendo",
texto_0367,jair,jair_pregunta1_respuesta016.txt,1,¿Cómo te sientes respecto al tiempo que pasas en la escuela y el tiempo libre que te queda en casa?,"Bien porque me siento feliz, agradable y cómoda.",8,placentero,4,0,"bien, feliz, agradable, cómoda",
texto_0368,jair,jair_pregunta1_respuesta017.txt,1,¿Cómo te sientes respecto al tiempo que pasas en la escuela y el tiempo libre que te queda en casa?,"Bien, me divierto mucho en el colegio y en la casa. Me gusta mucho estar en el colegio, pero las tareas no me gustan.",24,placentero,2,0,"bien, gusta",
texto_0369,jair,jair_pregunta1_respuesta018.txt,1,¿Cómo te sientes respecto al tiempo que pasas en la escuela y el tiempo libre que te queda en casa?,"El tiempo libre que paso en la escuela esta bien, en casa siento que no me alcanza para hacer distintas cosas o lo que planeo y el tiempo libre.",29,mixto,1,2,bien,no me alcanza
texto_0370,jair,jair_pregunta1_respuesta019.txt,1,¿Cómo te sientes respecto al tiempo que pasas en la escuela y el tiempo libre que te queda en casa?,"El tiempo que paso en la escuela algunas veces es agotador, pero es agradable gracias a mis compañeros, mientras que el tiempo en mi casa es agradable y relajante gracias a la comodidad de estar en mi casa y mi familia.",41,mixto,2,1,"agradable, agradable",agotador
texto_0371,jair,jair_pregunta1_respuesta020.txt,1,¿Cómo te sientes respecto al tiempo que pasas en la escuela y el tiempo libre que te queda en casa?,Me siento bien.,3,placentero,1,0,bien,
texto_0372,jair,jair_pregunta1_respuesta021.txt,1,¿Cómo te sientes respecto al tiempo que pasas en la escuela y el tiempo libre que te queda en casa?,"Un poco estresada ya que cuando hago tareas a veces me complica y temas son un poco complicadas y en casa sabrosa de estar en mi cama todo el día viendo tv, ver instagram y jugar avatar world.",38,mixto,1,4,jugar,"poco, estresada, complica, poco"
texto_0373,jair,jair_pregunta1_respuesta022.txt,1,¿Cómo te sientes respecto al tiempo que pasas en la escuela y el tiempo libre que te queda en casa?,No muy bien porque son 9 horas en el colegio y demás no queda tanto tiempo libre además de actividades.,20,mixto,1,2,bien,no queda
texto_0374,jair,jair_pregunta1_respuesta023.txt,1,¿Cómo te sientes respecto al tiempo que pasas en la escuela y el tiempo libre que te queda en casa?,"Siento que paso gran parte del día en la escuela y, cuando llego a casa, me queda poco tiempo libre. Entre las tareas y el estudio, a veces es difícil descansar, compartir con mi familia o dedicar tiempo a mis hobbies.",41,desagradable,0,2,,"poco, difícil"
texto_0375,jair,jair_pregunta1_respuesta024.txt,1,¿Cómo te sientes respecto al tiempo que pasas en la escuela y el tiempo libre que te queda en casa?,"Bueno sinceramente no me siento muy a gusto con la organización de las tareas del colegio, ya que la mayor parte del día estoy en el colegio. Se supone que en la tarde tendría un poco de tiempo libre, pero últimamente no me está quedando tiempo libre porque están dejando muchas tareas, muy extensas y además de eso, casi siempre las asignan para entregarlas al día siguiente.",67,desagradable,0,3,,"no me siento muy a gusto, poco"
texto_0376,jair,jair_pregunta1_respuesta025.txt,1,¿Cómo te sientes respecto al tiempo que pasas en la escuela y el tiempo libre que te queda en casa?,"Paso todo el día y un poco de la tarde en mi casa, pero realmente me siento bien, sí tengo tiempo de jugar, compartir y demás aparte de hacer mis deberes.",31,mixto,2,1,"bien, jugar",poco
texto_0377,jair,jair_pregunta1_respuesta026.txt,1,¿Cómo te sientes respecto al tiempo que pasas en la escuela y el tiempo libre que te queda en casa?,"Paso casi toda la tarde en el colegio y cuando llego a mi almuerzo y me duermo, pero me siento bien porque cuando me duermo descanso y algunos días voy a practica me siento muy cómodo.",36,placentero,2,0,"bien, cómodo",
texto_0378,jair,jair_pregunta1_respuesta027.txt,1,¿Cómo te sientes respecto al tiempo que pasas en la escuela y el tiempo libre que te queda en casa?,"Pienso que no queda mucho tiempo libre después de la jornada escolar, me gustaría tener un poco más de tiempo libre por ejemplo los fines de semana.",27,desagradable,0,5,,"no queda, me gustaría, poco"
texto_0379,jair,jair_pregunta1_respuesta028.txt,1,¿Cómo te sientes respecto al tiempo que pasas en la escuela y el tiempo libre que te queda en casa?,"Me siento muy estresada porque paso mucho tiempo en el colegio y, cuando llego a mi casa, casi todo mi tiempo lo tengo que dedicar a hacer tareas o estudiar. Siento que me queda muy poco tiempo libre para descansar, compartir con mi familia o hacer actividades que me gustan.",50,desagradable,0,2,,"estresada, poco"
texto_0380,jair,jair_pregunta1_respuesta029.txt,1,¿Cómo te sientes respecto al tiempo que pasas en la escuela y el tiempo libre que te queda en casa?,"Siento que paso la mayor parte de mi tiempo ocupada con las actividades del colegio. Cuando llego a mi casa, debo seguir haciendo las páginas y trabajos que usted nos deja, por lo que casi no tengo tiempo para descansar. Esto hace que me la pase muy estresada y, en ocasiones, me envolato con las materias porque son muchas responsabilidades al mismo tiempo.",63,desagradable,0,5,,"no tengo, casi no tengo, estresada"
texto_0381,jair,jair_pregunta1_respuesta030.txt,1,¿Cómo te sientes respecto al tiempo que pasas en la escuela y el tiempo libre que te queda en casa?,"Se puede decir que no también pero tampoco tan mal, el tiempo en la escuela puede ser divertido y algunas materias son muy chéveres. Sin embargo, todo se vuelve aburrido cuando cada clase es siempre lo mismo: copiar, llenar páginas de libros y acumular tareas. Yo entiendo que eso es necesario, pero los profesores deberían hacer cosas más divertidas y juegos que nos ayuden a aprender mejor. Aunque los libros sean caros, la verdad es que uno se cansa de hacer siempre lo mismo. Para la mayoría, el único momento divertido es el descanso, porque podemos movernos, jugar, hablar y recargar energías. Por otro lado, el tiempo que nos queda en casa es demasiado corto. Muchas veces regresamos con tantas tareas que no nos queda tiempo ni para dormir bien, jugar o estar con la familia. Pasamos casi siete horas al día sentados en una silla; llegar a casa agotados y seguir pensando en deberes nos quita, literalmente, tiempo para prestar atención a cómo estamos nosotros o cómo nos sentimos.",170,mixto,9,8,"divertido, chéveres, necesario, divertidas, aprender, divertido, jugar, bien, jugar","deberían hacer, mal, aburrido, cansa, demasiado, corto, quita"
texto_0382,jair,jair_pregunta1_respuesta031.txt,1,¿Cómo te sientes respecto al tiempo que pasas en la escuela y el tiempo libre que te queda en casa?,"En mi opinión, el tiempo de escuela y de casa están bien proporcionados, el problema viene cuando hay muchas tareas y peor si se juntan con las evaluaciones, haciendo que no tengamos suficiente tiempo para estudiar y hacer las tareas.",40,mixto,1,1,bien,problema
texto_0383,jair,jair_pregunta2_respuesta001.txt,2,"¿Qué opinión tienes sobre el volumen de tareas, proyectos y evaluaciones académicas que recibes?","Me parece que ponen muchas tareas y proyectos. Por lo que casi no me queda tiempo libre, además no me parece que nos pongan tareas en semana de exámenes, y por ultimo me parece que ponen demasiados exámenes para el mismo día.",42,desagradable,0,5,,"no me queda, casi no me, demasiados"
texto_0384,jair,jair_pregunta2_respuesta002.txt,2,"¿Qué opinión tienes sobre el volumen de tareas, proyectos y evaluaciones académicas que recibes?",Me parece mal porque se pasan con las tareas y yo no tengo todo el tiempo para hacer tareas.,19,desagradable,0,3,,"no tengo, mal"
texto_0385,jair,jair_pregunta2_respuesta003.txt,2,"¿Qué opinión tienes sobre el volumen de tareas, proyectos y evaluaciones académicas que recibes?",Las tareas deben ser para el colegio y los proyectos deberían darnos el dinero para hacerlo y las evaluaciones que no los hagan después de volver de vacaciones.,28,desagradable,0,2,,deberían darnos
texto_0386,jair,jair_pregunta2_respuesta004.txt,2,"¿Qué opinión tienes sobre el volumen de tareas, proyectos y evaluaciones académicas que recibes?",Que no es necesario ponerlos ya que para eso esta el colegio para hacerlas aquí.,15,placentero,1,0,necesario,
texto_0388,jair,jair_pregunta2_respuesta006.txt,2,"¿Qué opinión tienes sobre el volumen de tareas, proyectos y evaluaciones académicas que recibes?","Horrible, me dan ganas de salirme del colegio, es súper excesivo todo, horroroso y cansa a veces ni me da tiempo de hacer nada de cosa me baño y como.",30,desagradable,0,2,,"excesivo, cansa"
texto_0392,jair,jair_pregunta2_respuesta010.txt,2,"¿Qué opinión tienes sobre el volumen de tareas, proyectos y evaluaciones académicas que recibes?","Me siento muy pesado en hacer tareas, todos los días.",10,desagradable,0,1,,pesado
texto_0393,jair,jair_pregunta2_respuesta011.txt,2,"¿Qué opinión tienes sobre el volumen de tareas, proyectos y evaluaciones académicas que recibes?","Bueno, siento que muchas tareas nos benefician en nuestro aprendizaje, pero en exceso es malo. Es lo que deja algunas veces.",21,placentero,1,0,benefician,
texto_0394,jair,jair_pregunta2_respuesta012.txt,2,"¿Qué opinión tienes sobre el volumen de tareas, proyectos y evaluaciones académicas que recibes?",Considero que la cantidad de tareas y evaluaciones me genera mucho estrés.,12,desagradable,0,1,,estrés
texto_0395,jair,jair_pregunta2_respuesta013.txt,2,"¿Qué opinión tienes sobre el volumen de tareas, proyectos y evaluaciones académicas que recibes?","Muy mal porque nos ponen muchas tareas, proyectos y evaluaciones y eso cansa mucho.",14,desagradable,0,2,,"mal, cansa"
texto_0396,jair,jair_pregunta2_respuesta014.txt,2,"¿Qué opinión tienes sobre el volumen de tareas, proyectos y evaluaciones académicas que recibes?",La mayoría de las veces no es agotador.,8,desagradable,0,1,,agotador
texto_0398,jair,jair_pregunta2_respuesta016.txt,2,"¿Qué opinión tienes sobre el volumen de tareas, proyectos y evaluaciones académicas que recibes?",A veces me siento cansada porque a veces son muchas y mas el colegio el estudio me canso.,18,desagradable,0,1,,cansada
texto_0399,jair,jair_pregunta2_respuesta017.txt,2,"¿Qué opinión tienes sobre el volumen de tareas, proyectos y evaluaciones académicas que recibes?","Pues está bien, pero algunas veces nos ponen como 7 tareas, entonces es un poco abrumador.",16,mixto,1,1,bien,poco
texto_0400,jair,jair_pregunta2_respuesta018.txt,2,"¿Qué opinión tienes sobre el volumen de tareas, proyectos y evaluaciones académicas que recibes?",Considero que está bien.,4,placentero,1,0,bien,
texto_0401,jair,jair_pregunta2_respuesta019.txt,2,"¿Qué opinión tienes sobre el volumen de tareas, proyectos y evaluaciones académicas que recibes?","Algunas veces las tareas y exposiciones son muchas, que no alcanzo a hacerlas todas, pero no es demasiado frecuente.",19,desagradable,0,1,,demasiado
texto_0402,jair,jair_pregunta2_respuesta020.txt,2,"¿Qué opinión tienes sobre el volumen de tareas, proyectos y evaluaciones académicas que recibes?",Que es aceptable.,3,placentero,1,0,aceptable,
texto_0405,jair,jair_pregunta2_respuesta023.txt,2,"¿Qué opinión tienes sobre el volumen de tareas, proyectos y evaluaciones académicas que recibes?","Pienso que, en algunas ocasiones, la cantidad de tareas, proyectos y evaluaciones es muy alta, especialmente cuando coinciden en la misma semana. Considero que una mejor distribución de las actividades ayudaría a aprender con menos estrés y a organizar mejor el tiempo.",42,mixto,1,1,aprender,estrés
texto_0406,jair,jair_pregunta2_respuesta024.txt,2,"¿Qué opinión tienes sobre el volumen de tareas, proyectos y evaluaciones académicas que recibes?","Bueno yo pienso que a veces la cantidad de tareas, proyectos y evaluaciones es muy alta, y como casi siempre son para entregarlas la misma semana. Yo opino que deberían tener una mejor organización o distribución de las actividades para no sobrecargarnos y así nos quede un poquito de tiempo libre para dedicarnos a otro tipo de actividades extra que favorecen nuestra formación integral como la práctica de algún deporte, aprender otro idioma o aprender a tocar un instrumento.",79,mixto,2,2,"aprender, aprender",deberían tener
texto_0407,jair,jair_pregunta2_respuesta025.txt,2,"¿Qué opinión tienes sobre el volumen de tareas, proyectos y evaluaciones académicas que recibes?","Realmente, nos dejas mucha tarea, muchas veces nos cargan con demasiado deber y la verdad a veces se nos junta todo y la verdad es agobiante.",26,desagradable,0,1,,demasiado
texto_0408,jair,jair_pregunta2_respuesta026.txt,2,"¿Qué opinión tienes sobre el volumen de tareas, proyectos y evaluaciones académicas que recibes?","No me siento a gusto con las tareas a veces dejan muchas páginas para hacer y no me da tiempo porque como voy a practica no me da tiempo para hacerlas y además cuando dejan varias páginas tenemos que leer como 5 páginas y es mucho cansancio porque hacer páginas, averiguar, etc. Es mucho cansancio con las tareas que nos ponen.",61,desagradable,0,2,,no me siento a gusto
texto_0409,jair,jair_pregunta2_respuesta027.txt,2,"¿Qué opinión tienes sobre el volumen de tareas, proyectos y evaluaciones académicas que recibes?","Mi opinión es que no se deben dejar tareas en tiempos de exámenes, ya que tenemos que estudiar para las pruebas y en algunas ocasiones colocan otras actividades que necesitan de tiempos extras, me gustaría no tener actividades adicionales además de los exámenes y pruebas que hacemos durante la semana de exámenes e intermedios.",54,desagradable,0,2,,me gustaría
texto_0410,jair,jair_pregunta2_respuesta028.txt,2,"¿Qué opinión tienes sobre el volumen de tareas, proyectos y evaluaciones académicas que recibes?","Pienso que la cantidad de tareas, proyectos y evaluaciones es muy alta. En algunas ocasiones se juntan muchas actividades al mismo tiempo, lo que hace que me sienta muy atareada y bajo presión. Me gustaría que hubiera una mejor organización para tener tiempo de cumplir con las responsabilidades sin sentir tanto estrés.",52,mixto,1,4,cumplir,"me gustaría, presión, estrés"
texto_0411,jair,jair_pregunta2_respuesta029.txt,2,"¿Qué opinión tienes sobre el volumen de tareas, proyectos y evaluaciones académicas que recibes?","En mi opinión, las actividades académicas son muchas y requieren bastante tiempo para realizarlas bien. A veces siento que no alcanzo a terminar todo con la dedicación que quisiera, porque mientras estoy haciendo una tarea ya tengo que preocuparme por la siguiente. Eso hace que me sienta muy presionada y que se me dificulte organizarme con todas las materias.",59,mixto,1,3,bien,"quisiera, presionada"
texto_0412,jair,jair_pregunta2_respuesta030.txt,2,"¿Qué opinión tienes sobre el volumen de tareas, proyectos y evaluaciones académicas que recibes?","Está muy mal. No que no pongan tareas, obvio sí pueden, pero sin pasarse del límite. Excederse de páginas no es justo; con 2 o 3 páginas que realicemos está bien, pero 6 páginas son ya muchas y 9 peor. A veces, por tantas tareas, nos estresamos demasiado, nos aturden y no sabemos ni por dónde comenzar. Se juntan demasiadas cosas para el mismo día (exposiciones, actividades, trabajos, dramatizados) y uno dice: ""¡ey ya, basta de tanta tarea, nos quieren matar!"". Hay veces que uno se enoja, se aburre y no quiere ni ir al colegio por demasiado estrés, porque después de venir de estudiar, debemos sentarnos otra vez y no podemos ni respirar. Con las evaluaciones de casi dos semanas es igual de injusto. Nos parece mal que coloquen dos exámenes crueles juntos en un mismo día; terminamos uno y comenzamos el otro sin dejarnos ni descansar o repasar. Aceptamos que sea por lo menos uno a la primera hora y el segundo como a la quinta o sexta hora. Para rematar, ahora estamos peor: nos están diciendo que los exámenes del tercer periodo van a ser de todos los periodos anteriores. Ese examen va a estar de vida o muerte; una prueba de 35 preguntas es una cosa catastrófica.",211,mixto,1,8,bien,"mal, demasiado, demasiadas, aburre, demasiado, estrés, injusto, mal"
texto_0413,jair,jair_pregunta2_respuesta031.txt,2,"¿Qué opinión tienes sobre el volumen de tareas, proyectos y evaluaciones académicas que recibes?","Yo opino, de que a veces el número de tareas es excesivo, y como ya dije antes, es peor con las evaluaciones, no pueden esperar que hagamos 3 o más tareas mientras estudiamos para nuestros exámenes, y muchas a veces se juntan dos exámenes difíciles el mismo día y es difícil concentrarse mientras ves que hay 4 tareas pendientes para mañana.",61,desagradable,0,3,,"excesivo, difíciles, difícil"
texto_0414,jorge,Jorge_Gomez_Estudiante_1.txt,general,"Respuesta general (mezcla ambos temas, sin separación clara en el archivo original)",Siento que paso mucho tiempo en la escuela y me queda poco tiempo libre para descansar,16,desagradable,0,1,,poco
texto_0415,jorge,Jorge_Gomez_Estudiante_10.txt,general,"Respuesta general (mezcla ambos temas, sin separación clara en el archivo original)",Me siento muy bien ya que en ambos lugares puedo aprender,11,placentero,2,0,"bien, aprender",
texto_0416,jorge,Jorge_Gomez_Estudiante_11.txt,general,"Respuesta general (mezcla ambos temas, sin separación clara en el archivo original)",Me siento bien con el tiempo que paso en la escuela aunque a veces me gustaría tener un poco más de tiempo libre en casa para descansar hacer actividades que me gustan y pasar tiempo con mi familia,38,mixto,1,3,bien,"me gustaría, poco"
texto_0417,jorge,Jorge_Gomez_Estudiante_12.txt,general,"Respuesta general (mezcla ambos temas, sin separación clara en el archivo original)",Me siento bien con el tiempo que paso en la escuela aunque a veces me gustaría tener un poco más de tiempo libre en casa para descansar hacer actividades que me gustan y pasar tiempo con mi familia Pienso que a veces es demasiado porque muchas tareas y evaluaciones juntas pueden generar estrés. Aunque entiendo que son importantes para aprender sería mejor tener una mejor organización para poder realizarlas con más tranquilidad,72,mixto,3,5,"bien, importantes, aprender","me gustaría, poco, demasiado, estrés"
texto_0418,jorge,Jorge_Gomez_Estudiante_13.txt,general,"Respuesta general (mezcla ambos temas, sin separación clara en el archivo original)",Me siento obligado a cumplir con el estudio y en casa me siento obligado igual porque tengo que cumplir con mis actividades,22,placentero,2,0,"cumplir, cumplir",
texto_0419,jorge,Jorge_Gomez_Estudiante_14.txt,general,"Respuesta general (mezcla ambos temas, sin separación clara en el archivo original)",Me siento muy bien porque me gusta el ambiente,9,placentero,2,0,"bien, gusta",
texto_0420,jorge,Jorge_Gomez_Estudiante_15.txt,general,"Respuesta general (mezcla ambos temas, sin separación clara en el archivo original)",Se siente bien con el tiempo que pasó en la escuela aunque a veces me gustaría tener un poco mas de tiempo libre en casa para descansar hacer actividades que me gustan y pasar tiempo con mi familia,38,mixto,1,3,bien,"me gustaría, poco"
texto_0421,jorge,Jorge_Gomez_Estudiante_16.txt,general,"Respuesta general (mezcla ambos temas, sin separación clara en el archivo original)",Siento qué el tiempo que pasó en la escuela pasa lento mientras que el tiempo que me queda para descansar pasa rápido siento que no puedo descansar muy bien,29,mixto,1,2,bien,no puedo
texto_0422,jorge,Jorge_Gomez_Estudiante_17.txt,general,"Respuesta general (mezcla ambos temas, sin separación clara en el archivo original)",Respecto al tiempo que paso en la escuela me siento un poco alegre en el sentido de que estoy con mis amigos y ala ves un poco estresado por qué en mi salón la mayoría hacen mucho ruido al momento de hablar y al respecto en el tiempo que me queda en mi casa me siento alegre por qué estoy con mi familia y más libre al momento de expresarme y actuar,72,desagradable,0,3,,"poco, poco, estresado"
texto_0423,jorge,Jorge_Gomez_Estudiante_18.txt,general,"Respuesta general (mezcla ambos temas, sin separación clara en el archivo original)",Bueno en la escuela me siento bien porque aprendo y tengo a mis compañeros,14,placentero,2,0,"bien, aprendo",
texto_0424,jorge,Jorge_Gomez_Estudiante_19.txt,general,"Respuesta general (mezcla ambos temas, sin separación clara en el archivo original)",Bien porque aprendo,3,placentero,2,0,"bien, aprendo",
texto_0425,jorge,Jorge_Gomez_Estudiante_2.txt,general,"Respuesta general (mezcla ambos temas, sin separación clara en el archivo original)",Siento que paso mucho tiempo en la escuela y me queda poco tiempo libre para descansar,16,desagradable,0,1,,poco
texto_0426,jorge,Jorge_Gomez_Estudiante_20.txt,general,"Respuesta general (mezcla ambos temas, sin separación clara en el archivo original)",me siento bien porque en casa me gusta estar pero no se que hacer,14,placentero,2,0,"bien, gusta",
texto_0427,jorge,Jorge_Gomez_Estudiante_21.txt,general,"Respuesta general (mezcla ambos temas, sin separación clara en el archivo original)","Optima ya que este con este tiempo se tiene para aprender, estudiar y descansar",14,placentero,1,0,aprender,
texto_0428,jorge,Jorge_Gomez_Estudiante_22.txt,general,"Respuesta general (mezcla ambos temas, sin separación clara en el archivo original)",Estresado cuando estoy en mi casa quiero estar en el colegio pero al mismo tiempo ajá,16,desagradable,0,1,,estresado
texto_0430,jorge,Jorge_Gomez_Estudiante_24.txt,general,"Respuesta general (mezcla ambos temas, sin separación clara en el archivo original)",Bien por qué sirve para entretenerse y aprender más,9,placentero,2,0,"bien, aprender",
texto_0431,jorge,Jorge_Gomez_Estudiante_25.txt,general,"Respuesta general (mezcla ambos temas, sin separación clara en el archivo original)",En mi colegio me siento bien y el tiempo libre que me queda en casa también me siento igual,19,placentero,1,0,bien,
texto_0432,jorge,Jorge_Gomez_Estudiante_26.txt,general,"Respuesta general (mezcla ambos temas, sin separación clara en el archivo original)",Me siento bien porque estudio en la mañana y en la tarde tengo un poco de tiempo para descansar Aunque a veces me toca hacer muchas tareas trato de organizarme para también compartir con mi familia y hacer otras cosas q me gustan,43,mixto,1,1,bien,poco
texto_0433,jorge,Jorge_Gomez_Estudiante_27.txt,general,"Respuesta general (mezcla ambos temas, sin separación clara en el archivo original)",Yo me siento bien,4,placentero,1,0,bien,
texto_0434,jorge,Jorge_Gomez_Estudiante_28.txt,general,"Respuesta general (mezcla ambos temas, sin separación clara en el archivo original)",Muy bien,2,placentero,1,0,bien,
texto_0435,jorge,Jorge_Gomez_Estudiante_29.txt,general,"Respuesta general (mezcla ambos temas, sin separación clara en el archivo original)",Muy bueno,2,placentero,1,0,bueno,
texto_0436,jorge,Jorge_Gomez_Estudiante_3.txt,general,"Respuesta general (mezcla ambos temas, sin separación clara en el archivo original)","Siento que el tiempo está equilibrado,aunque a veces desearía tener un poco más de tiempo libre para descansar",18,mixto,1,3,equilibrado,"desearía, poco"
texto_0438,jorge,Jorge_Gomez_Estudiante_31.txt,general,"Respuesta general (mezcla ambos temas, sin separación clara en el archivo original)",Me siento feliz porq puedo descansar un poquito de mis deberes y responsabilidades y puedo disfrutar con mi familia,19,placentero,2,0,"feliz, disfrutar",
texto_0439,jorge,Jorge_Gomez_Estudiante_32.txt,general,"Respuesta general (mezcla ambos temas, sin separación clara en el archivo original)",Apesar de q paso mucho tiempo en la escuela disfruto mucho el tiempo libre q me queda en casa,19,placentero,1,0,disfruto,
texto_0440,jorge,Jorge_Gomez_Estudiante_33.txt,general,"Respuesta general (mezcla ambos temas, sin separación clara en el archivo original)",Creo que el tiempo en la escuela y el tiempo libre está bastante equilibrado,14,placentero,1,0,equilibrado,
texto_0441,jorge,Jorge_Gomez_Estudiante_34.txt,general,"Respuesta general (mezcla ambos temas, sin separación clara en el archivo original)",Paso muy buen tiempo en el colegio expandiendo mis conocimientos y en la casa compartiendo con mi familia.,18,placentero,1,0,buen,
texto_0442,jorge,Jorge_Gomez_Estudiante_35.txt,general,"Respuesta general (mezcla ambos temas, sin separación clara en el archivo original)",Siento que paso mucho tiempo en el colegio y no me queda tiempo para descansar,15,desagradable,0,2,,no me queda
texto_0443,jorge,Jorge_Gomez_Estudiante_36.txt,general,"Respuesta general (mezcla ambos temas, sin separación clara en el archivo original)",Me siento bien ya q es un tambiénte bastante agradable aunque haceces mis compañeros me hacen sentir insegura de mi misma,21,placentero,2,0,"bien, agradable",
texto_0445,jorge,Jorge_Gomez_Estudiante_38.txt,general,"Respuesta general (mezcla ambos temas, sin separación clara en el archivo original)",Me siento cansada por que es muy poquito tiempo ya que paso más tiempo en colegio,16,desagradable,0,1,,cansada
texto_0446,jorge,Jorge_Gomez_Estudiante_39.txt,general,"Respuesta general (mezcla ambos temas, sin separación clara en el archivo original)",Me siento bien no igual como en mi casa pero almenos me siento bien,14,placentero,2,0,"bien, bien",
texto_0447,jorge,Jorge_Gomez_Estudiante_4.txt,general,"Respuesta general (mezcla ambos temas, sin separación clara en el archivo original)",En la escuela la paso bien ya que apr ndo cosas nuevas de estudios y en la casa pues disfruto descansar,21,placentero,2,0,"bien, disfruto",
texto_0448,jorge,Jorge_Gomez_Estudiante_40.txt,general,"Respuesta general (mezcla ambos temas, sin separación clara en el archivo original)",Me siento bien por q puedo estudiar y compartír con mi familia,12,placentero,1,0,bien,
texto_0449,jorge,Jorge_Gomez_Estudiante_41.txt,general,"Respuesta general (mezcla ambos temas, sin separación clara en el archivo original)",Me siento muy bien desde que llega al colegio y también tengo descansos agradables en casa,16,placentero,1,0,bien,
texto_0450,jorge,Jorge_Gomez_Estudiante_42.txt,general,"Respuesta general (mezcla ambos temas, sin separación clara en el archivo original)",llevo un buen equilibrio,4,placentero,2,0,"buen, equilibrio",
texto_0451,jorge,Jorge_Gomez_Estudiante_43.txt,general,"Respuesta general (mezcla ambos temas, sin separación clara en el archivo original)",Me siento muy conforme con ambos son justos,8,placentero,1,0,conforme,
texto_0452,jorge,Jorge_Gomez_Estudiante_44.txt,general,"Respuesta general (mezcla ambos temas, sin separación clara en el archivo original)",EN EL COLEGIO ME SIENTO BIEN POR QUE PUEDO CONVERSAR COM MIS COMPAÑEROS Y EN LA CASA ME SIENTO SUPER BIEN POR DIAS DE DESCANSO,25,placentero,2,0,"bien, bien",
texto_0453,jorge,Jorge_Gomez_Estudiante_45.txt,general,"Respuesta general (mezcla ambos temas, sin separación clara en el archivo original)","Pues se podría decir que normal respecto al tiempo que pasó en el colegio todo es ganancia, conocimientos de temas e implementación de algunos que están presentes en nuestra vida diaria y además el colegio es una formación secundaria después de casa.El tiempo libre que pasó en casa me siento bien si lo sabemos aprovechar también podemos aprender depende de la personas si son cosas positivas que lo instruyan o negativas que lo destruyan compartir con mi familia dedicarme a mis compromisos y listo",84,placentero,2,0,"bien, aprender",
texto_0455,jorge,Jorge_Gomez_Estudiante_47.txt,general,"Respuesta general (mezcla ambos temas, sin separación clara en el archivo original)",En el colegio a pesar de que es poco tiempo aprendo cosas nuevas El tiempo libre en mi casa duermo y estudio un poco,24,mixto,1,2,aprendo,"poco, poco"
texto_0456,jorge,Jorge_Gomez_Estudiante_48.txt,general,"Respuesta general (mezcla ambos temas, sin separación clara en el archivo original)",Bien por que descanso,4,placentero,1,0,bien,
texto_0458,jorge,Jorge_Gomez_Estudiante_5.txt,general,"Respuesta general (mezcla ambos temas, sin separación clara en el archivo original)","Un tiempo bueno,por que disfruto de las clases y de mis compañeros",12,placentero,2,0,"bueno, disfruto",
texto_0459,jorge,Jorge_Gomez_Estudiante_50.txt,general,"Respuesta general (mezcla ambos temas, sin separación clara en el archivo original)",Siento que es muy poco tiempo en el colegio y que los profes deberían de darnos más tiempo dando las clases para que nosotros podamos entender bien,27,mixto,1,3,bien,"deberían de, poco"
texto_0460,jorge,Jorge_Gomez_Estudiante_51.txt,general,"Respuesta general (mezcla ambos temas, sin separación clara en el archivo original)",Me la paso bien en la escuela y descanso en mi casa,12,placentero,1,0,bien,
texto_0461,jorge,Jorge_Gomez_Estudiante_52.txt,general,"Respuesta general (mezcla ambos temas, sin separación clara en el archivo original)",En la escuela me divierto y en casa me aburro,10,desagradable,0,1,,aburro
texto_0462,jorge,Jorge_Gomez_Estudiante_53.txt,general,"Respuesta general (mezcla ambos temas, sin separación clara en el archivo original)",siento que el tiempo que tengo para mi es muy bueno ya que el tiempo libre me alcanza tanto para hacer tareas y compartir con mi familia,27,placentero,1,0,bueno,
texto_0463,jorge,Jorge_Gomez_Estudiante_54.txt,general,"Respuesta general (mezcla ambos temas, sin separación clara en el archivo original)",Me siento bien porque aprendo en la escuela comparto con mis compañeros y aún me queda tiempo para descansar en casa en mi tiempo libre,25,placentero,2,0,"bien, aprendo",
texto_0464,jorge,Jorge_Gomez_Estudiante_55.txt,general,"Respuesta general (mezcla ambos temas, sin separación clara en el archivo original)",Siento que paso mucho tiempo en la escuela y cuando llego a la casa ya estoy cansada A veces sí me queda un poco de tiempo libre pero casi siempre lo uso para hacer tareas o estudiar Me gustaría tener un poco más de tiempo para descansar y hacer cosas que me gustan,53,desagradable,0,5,,"me gustaría, cansada, poco, poco"
texto_0465,jorge,Jorge_Gomez_Estudiante_56.txt,general,"Respuesta general (mezcla ambos temas, sin separación clara en el archivo original)",En la casa solo es estrés y soledad y en el colegio puedo distraerme y olvidar un poco de eso,20,desagradable,0,2,,"estrés, poco"
texto_0466,jorge,Jorge_Gomez_Estudiante_57.txt,general,"Respuesta general (mezcla ambos temas, sin separación clara en el archivo original)",Durante el tiempo en al escuela me siento entretenida y siento que estoy utilizando mis capacidades cognitivas a máximo pero también me entretengo con mis compañeras En casa me siento más relajada y estresada cundo pienso en las tareas que hacer,41,mixto,1,1,relajada,estresada
texto_0467,jorge,Jorge_Gomez_Estudiante_58.txt,general,"Respuesta general (mezcla ambos temas, sin separación clara en el archivo original)",Pues normal siento q deberiamos dar mas horas de clases,10,desagradable,0,2,,deberiamos dar
texto_0468,jorge,Jorge_Gomez_Estudiante_59.txt,general,"Respuesta general (mezcla ambos temas, sin separación clara en el archivo original)",Me siento bien al cumplir con mis responsabilidades,8,placentero,2,0,"bien, cumplir",
texto_0470,jorge,Jorge_Gomez_Estudiante_60.txt,general,"Respuesta general (mezcla ambos temas, sin separación clara en el archivo original)",Siento q deberiamos dar mas horas de clases,8,desagradable,0,2,,deberiamos dar
texto_0471,jorge,Jorge_Gomez_Estudiante_61.txt,general,"Respuesta general (mezcla ambos temas, sin separación clara en el archivo original)",Me siento bien en la escuela porque aprendo y comparto con mis compañeros pero a veces siento que me queda poco tiempo libre en casa para descansar hacer actividades que me gustan y pasar tiempo con mi familia.,38,mixto,2,1,"bien, aprendo",poco
texto_0472,jorge,Jorge_Gomez_Estudiante_62.txt,general,"Respuesta general (mezcla ambos temas, sin separación clara en el archivo original)",Me siento muy bien,4,placentero,1,0,bien,
texto_0473,jorge,Jorge_Gomez_Estudiante_63.txt,general,"Respuesta general (mezcla ambos temas, sin separación clara en el archivo original)",Bastante normal tampoco es algo que se pueda cambiar así que por mi está bien me rinde lo necesario,19,placentero,2,0,"bien, necesario",
texto_0474,jorge,Jorge_Gomez_Estudiante_64.txt,general,"Respuesta general (mezcla ambos temas, sin separación clara en el archivo original)",Siento que no me queda tiempo para descansar,8,desagradable,0,2,,no me queda
texto_0475,jorge,Jorge_Gomez_Estudiante_65.txt,general,"Respuesta general (mezcla ambos temas, sin separación clara en el archivo original)",Siento un equilibrio constante en el cual me da tiempo de hacer varias cosas en mi tiempo libre y estudiantil,20,placentero,1,0,equilibrio,
texto_0476,jorge,Jorge_Gomez_Estudiante_66.txt,general,"Respuesta general (mezcla ambos temas, sin separación clara en el archivo original)",Un equilibrio en el cual no siento que lo personal se mezcle con lo estudiantil,15,placentero,1,0,equilibrio,
texto_0477,jorge,Jorge_Gomez_Estudiante_67.txt,general,"Respuesta general (mezcla ambos temas, sin separación clara en el archivo original)",Bien,1,placentero,1,0,bien,
texto_0478,jorge,Jorge_Gomez_Estudiante_68.txt,general,"Respuesta general (mezcla ambos temas, sin separación clara en el archivo original)",Me siento bien con el tiempo que paso en la escuela aunque a veces me gustaría tener más tiempo libre en casa para descansar y hacer otras actividades,28,mixto,1,2,bien,me gustaría
texto_0479,jorge,Jorge_Gomez_Estudiante_69.txt,general,"Respuesta general (mezcla ambos temas, sin separación clara en el archivo original)",Siento que paso mucho tiempo en la escuela y me queda poco tiempo libre en casa,16,desagradable,0,1,,poco
texto_0480,jorge,Jorge_Gomez_Estudiante_7.txt,general,"Respuesta general (mezcla ambos temas, sin separación clara en el archivo original)",Bien,1,placentero,1,0,bien,
texto_0482,jorge,Jorge_Gomez_Estudiante_71.txt,general,"Respuesta general (mezcla ambos temas, sin separación clara en el archivo original)",Pues en el colegio me esfuerzo en aprender y en la casa hago un poco de taread y luego de descanso me siento un poco agotado,26,mixto,1,3,aprender,"poco, poco, agotado"
texto_0483,jorge,Jorge_Gomez_Estudiante_72.txt,general,"Respuesta general (mezcla ambos temas, sin separación clara en el archivo original)",Me he sentido bien,4,placentero,1,0,bien,
texto_0484,jorge,Jorge_Gomez_Estudiante_73.txt,general,"Respuesta general (mezcla ambos temas, sin separación clara en el archivo original)",bien ya que la salida hace que nosotros tengamos tiempo para descasar y hacer tarea,15,placentero,1,0,bien,
texto_0485,jorge,Jorge_Gomez_Estudiante_74.txt,general,"Respuesta general (mezcla ambos temas, sin separación clara en el archivo original)","El tiempo que pasó en la escuela me parece bien, pero en ocasiones siento que mi tiempo libre no alcanza",20,mixto,1,2,bien,no alcanza
texto_0486,jorge,Jorge_Gomez_Estudiante_75.txt,general,"Respuesta general (mezcla ambos temas, sin separación clara en el archivo original)",En la escuela me siento bien por mis compañeros q me dan ánimo y los profesores me enseñan a ser alguien en la vida y en la casa bien con mi familia hermosa,33,placentero,2,0,"bien, bien",
texto_0487,jorge,Jorge_Gomez_Estudiante_76.txt,general,"Respuesta general (mezcla ambos temas, sin separación clara en el archivo original)","Muy bien, me gusta relajarme y pasar tiempo haciendo cosas que me gustan",13,placentero,2,0,"bien, gusta",
texto_0488,jorge,Jorge_Gomez_Estudiante_77.txt,general,"Respuesta general (mezcla ambos temas, sin separación clara en el archivo original)","Ps siento que los tiempos están bien, me siento conforme",10,placentero,2,0,"bien, conforme",
texto_0489,jorge,Jorge_Gomez_Estudiante_78.txt,general,"Respuesta general (mezcla ambos temas, sin separación clara en el archivo original)",Me siento bien con el tiempo que paso en la escuela pero me gustaría tener un poco más de tiempo libre en casa,23,mixto,1,3,bien,"me gustaría, poco"
texto_0491,jorge,Jorge_Gomez_Estudiante_8.txt,general,"Respuesta general (mezcla ambos temas, sin separación clara en el archivo original)",Bien,1,placentero,1,0,bien,
texto_0492,jorge,Jorge_Gomez_Estudiante_80.txt,general,"Respuesta general (mezcla ambos temas, sin separación clara en el archivo original)",bacano porque libero la mente,5,placentero,1,0,bacano,
texto_0493,jorge,Jorge_Gomez_Estudiante_81.txt,general,"Respuesta general (mezcla ambos temas, sin separación clara en el archivo original)",Me siento un poco cansada por qué paso mucho tiempo en la escuela y me queda poco tiempo libres,19,desagradable,0,3,,"poco, cansada, poco"
texto_0494,jorge,Jorge_Gomez_Estudiante_82.txt,general,"Respuesta general (mezcla ambos temas, sin separación clara en el archivo original)",Me sinto bien y comoda con el tiempo que paso en la escuela y en la casa no me queda tiempo libre por tantas tareas que dejan en el colegio,30,mixto,2,2,"bien, comoda",no me queda
texto_0495,jorge,Jorge_Gomez_Estudiante_83.txt,general,"Respuesta general (mezcla ambos temas, sin separación clara en el archivo original)",Me siento bien porque aprovecho el tiempo en la escuela y también disfruto mi tiempo libre,16,placentero,3,0,"bien, aprovecho, disfruto",
texto_0496,jorge,Jorge_Gomez_Estudiante_84.txt,general,"Respuesta general (mezcla ambos temas, sin separación clara en el archivo original)",Para mí el tiempo que pasó en la escuela es muy divertido ya que aprendes y te diviertes y el tiempo en mi casa es un poco más de lo mismo pero no aprendo tanto desde mi casa,38,mixto,2,1,"divertido, aprendo",poco
texto_0497,jorge,Jorge_Gomez_Estudiante_85.txt,general,"Respuesta general (mezcla ambos temas, sin separación clara en el archivo original)",Bien,1,placentero,1,0,bien,
texto_0498,jorge,Jorge_Gomez_Estudiante_86.txt,general,"Respuesta general (mezcla ambos temas, sin separación clara en el archivo original)",Me siento bien pero a veces me queda poco tiempo limbre para descansar,13,mixto,1,1,bien,poco
texto_0499,jorge,Jorge_Gomez_Estudiante_87.txt,general,"Respuesta general (mezcla ambos temas, sin separación clara en el archivo original)",Me siento bien pero a veces me queda poco tiempo libre para descansar,13,mixto,1,1,bien,poco
texto_0500,jorge,Jorge_Gomez_Estudiante_88.txt,general,"Respuesta general (mezcla ambos temas, sin separación clara en el archivo original)",Ps a veces no me agrada pasar mucho tiempo en el cole porque los dias no son buenos pero hay otros momentos en los que si Y en mi casa excelente ya que paso con mi familia y puedo descansar,40,placentero,1,0,buenos,
texto_0502,jorge,Jorge_Gomez_Estudiante_9.txt,general,"Respuesta general (mezcla ambos temas, sin separación clara en el archivo original)",Respecto a mi tiempo que pasó en la escuela me siento bien ya que son horas que en las cuales para mí en mi día a día son necesarios y me ayudan para formarme como persona y en mi tiempo libre también me siento bien,45,placentero,3,0,"bien, necesarios, bien",
texto_0503,jorge,Jorge_Gomez_Estudiante_90.txt,general,"Respuesta general (mezcla ambos temas, sin separación clara en el archivo original)",Me siento muy bien,4,placentero,1,0,bien,
texto_0504,jorge,Jorge_Gomez_Estudiante_91.txt,general,"Respuesta general (mezcla ambos temas, sin separación clara en el archivo original)",Siempre me a gustado estar en El colegio y en mi casa me siento comodo para reforzar mi aprendizaje,19,placentero,1,0,comodo,
texto_0505,jorge,Jorge_Gomez_Estudiante_92.txt,general,"Respuesta general (mezcla ambos temas, sin separación clara en el archivo original)",Me siento bien porque tengo tiempo para aprender en la escuela y también para descansar y compartir en familia en casa,21,placentero,2,0,"bien, aprender",
texto_0506,jorge,Jorge_Gomez_Estudiante_93.txt,general,"Respuesta general (mezcla ambos temas, sin separación clara en el archivo original)",Siento que paso bastante tiempo en la escuela pero me parece importante porque aprendo En casa todavía tengo un poco de tiempo para descansar hacer tareas y disfrutar de lo que me gusta,33,mixto,4,1,"importante, aprendo, disfrutar, gusta",poco
texto_0507,jorge,Jorge_Gomez_Estudiante_94.txt,general,"Respuesta general (mezcla ambos temas, sin separación clara en el archivo original)",muy bien ya que mis compañeros y familiares siempre logran sacarme una sonrisa,13,placentero,1,0,bien,
texto_0508,jorge,Jorge_Gomez_Estudiante_95.txt,general,"Respuesta general (mezcla ambos temas, sin separación clara en el archivo original)",Me siento bien gracias a Dios xq me da más tiempo de estudiar en casa,15,placentero,1,0,bien,
texto_0509,jorge,Jorge_Gomez_Estudiante_96.txt,general,"Respuesta general (mezcla ambos temas, sin separación clara en el archivo original)",Feliz,1,placentero,1,0,feliz,
texto_0510,jorge,Jorge_Gomez_Estudiante_97.txt,general,"Respuesta general (mezcla ambos temas, sin separación clara en el archivo original)",Bien no me quejó de el tiempo que paso en el colegio y en casa solo que no me queda mucho tiempo libre,23,mixto,1,2,bien,no me queda
texto_0511,jorge,Jorge_Gomez_Estudiante_98.txt,general,"Respuesta general (mezcla ambos temas, sin separación clara en el archivo original)",La verdad es que me siento bastante bien con el tiempo que paso en el colegio sobre todo porque me queda súper cerca de la casa y no pierdo tiempo en el camino Sin embargo a veces siento que el tiempo libre que me queda en la tarde no lo disfruto por completo como un descanso real ya que siempre tengo en la mente la presión de los pendientes las tareas o lo que tengo que estudiar para el día siguiente,81,mixto,2,1,"bien, disfruto",presión
texto_0512,jorge,Jorge_Gomez_Estudiante_99.txt,general,"Respuesta general (mezcla ambos temas, sin separación clara en el archivo original)",La verdad es que me siento bastante bien con el tiempo que paso en el colegio sobre todo porque me queda súper cerca de la casa y no pierdo tiempo en el camino Sin embargo a veces siento que el tiempo libre que me queda en la tarde no lo disfruto por completo como un descanso real ya que siempre tengo en la mente la presión de los pendientes las tareas o lo que tengo que estudiar para el día siguiente,81,mixto,2,1,"bien, disfruto",presión
texto_0513,juan,jpmh_pregunta1_estudiante001.txt,1,¿Cómo te sientes respecto al tiempo que pasas en la escuela y el tiempo libre que te queda en casa?,bueno en la escuela me la paso bien y me rio mucho en mi casa. Paso sola mejor porque me gusta pensar y estar sola en mi casa,28,placentero,2,0,"bien, gusta",
texto_0514,juan,jpmh_pregunta1_estudiante002.txt,1,¿Cómo te sientes respecto al tiempo que pasas en la escuela y el tiempo libre que te queda en casa?,aquí en el colegio me la paso super bien comparto mucho con mis amigos convivo mucho con ellos,18,placentero,1,0,bien,
texto_0515,juan,jpmh_pregunta1_estudiante003.txt,1,¿Cómo te sientes respecto al tiempo que pasas en la escuela y el tiempo libre que te queda en casa?,me siento mas comoda en el colegio ya que en mi casa hay muchos problemas,15,mixto,1,1,comoda,problemas
texto_0516,juan,jpmh_pregunta1_estudiante004.txt,1,¿Cómo te sientes respecto al tiempo que pasas en la escuela y el tiempo libre que te queda en casa?,"cuando estoy en el colegio me quiero ir a mi casa y cuando estoy en mi casa quiero venir al colegio, aca me siento bien me rio con mis amigas aunque me faltan otras pero igual la paso bien",39,placentero,2,0,"bien, bien",
texto_0517,juan,jpmh_pregunta1_estudiante005.txt,1,¿Cómo te sientes respecto al tiempo que pasas en la escuela y el tiempo libre que te queda en casa?,no se con fljera y con sueño en mi casa me siento un poquito activo,15,placentero,1,0,activo,
texto_0518,juan,jpmh_pregunta1_estudiante006.txt,1,¿Cómo te sientes respecto al tiempo que pasas en la escuela y el tiempo libre que te queda en casa?,en el colegio me siento super bien ya que en mi casa no tengo una persona para distraerme,18,mixto,1,2,bien,no tengo
texto_0519,juan,jpmh_pregunta1_estudiante007.txt,1,¿Cómo te sientes respecto al tiempo que pasas en la escuela y el tiempo libre que te queda en casa?,"yo me siento bien ya que comparto tiempo con mis amigos y ayudo en la casa despues de la escuela, tambien paso tiempo con los amigos de la calle y tengo tiempo para realizar tareas",35,placentero,1,0,bien,
texto_0520,juan,jpmh_pregunta1_estudiante008.txt,1,¿Cómo te sientes respecto al tiempo que pasas en la escuela y el tiempo libre que te queda en casa?,la verdad feliz porque comparto y paso tiempo con mis amigas,11,placentero,1,0,feliz,
texto_0521,juan,jpmh_pregunta1_estudiante009.txt,1,¿Cómo te sientes respecto al tiempo que pasas en la escuela y el tiempo libre que te queda en casa?,bien me parece equilibrado ya que es un buen equilibrio entre estudio y diversion,14,placentero,5,0,"bien, equilibrado, buen, equilibrio, diversion",
texto_0522,juan,jpmh_pregunta1_estudiante010.txt,1,¿Cómo te sientes respecto al tiempo que pasas en la escuela y el tiempo libre que te queda en casa?,el tiempo libre que me queda en la casa es mas diversion pero trato de equilibrarme con los estudios,19,placentero,1,0,diversion,
texto_0523,juan,jpmh_pregunta1_estudiante011.txt,1,¿Cómo te sientes respecto al tiempo que pasas en la escuela y el tiempo libre que te queda en casa?,en la escuela con hambre y en la casa relajado y calmado,12,placentero,2,0,"relajado, calmado",
texto_0524,juan,jpmh_pregunta1_estudiante012.txt,1,¿Cómo te sientes respecto al tiempo que pasas en la escuela y el tiempo libre que te queda en casa?,"regular, un poco excedido en el colegio pero esta bien",10,mixto,1,1,bien,poco
texto_0525,juan,jpmh_pregunta1_estudiante013.txt,1,¿Cómo te sientes respecto al tiempo que pasas en la escuela y el tiempo libre que te queda en casa?,aveces me siento un poco cansada porque no duermo y cuando llego al colegio siento un poco de sueño y cuando llego a la casa en el tiempo libre duermo pero mayormente bien,33,mixto,1,5,bien,"no duermo, poco, cansada, poco"
texto_0526,juan,jpmh_pregunta1_estudiante014.txt,1,¿Cómo te sientes respecto al tiempo que pasas en la escuela y el tiempo libre que te queda en casa?,"con respecto al tiempo que paso en la escuela me siento bien, feliz ya que estoy con mis amigos pero, aveces si me siento un poco triste. Con respecto al tiempo libre que tengo en casa aveces me siento un poco sola y aburrida",44,mixto,2,4,"bien, feliz","poco, triste, poco, aburrida"
texto_0527,juan,jpmh_pregunta1_estudiante015.txt,1,¿Cómo te sientes respecto al tiempo que pasas en la escuela y el tiempo libre que te queda en casa?,me parece que es un buen tiempo en el colegio ya que puedo pasar 6 horas con mis compañeros,19,placentero,1,0,buen,
texto_0529,juan,jpmh_pregunta1_estudiante017.txt,1,¿Cómo te sientes respecto al tiempo que pasas en la escuela y el tiempo libre que te queda en casa?,"me sieiento bien, me gusta pasar tiempo con mis amigos y ver mis profesiores queridos, pero tambien queremos mas dias de descans para poder pasar mas tiempo con nuestras familias, porque en las vacaciones yo no pude pasar tiempo con mi papa y por eso quiero mas dias de descanso.",50,placentero,2,0,"bien, gusta",
texto_0530,juan,jpmh_pregunta1_estudiante018.txt,1,¿Cómo te sientes respecto al tiempo que pasas en la escuela y el tiempo libre que te queda en casa?,"bien me parece que tengo mucho tiempo para el estudio y pasarla bien, cuando llego a mi hogar puedo pasarla bien.",21,placentero,3,0,"bien, bien, bien",
texto_0531,juan,jpmh_pregunta1_estudiante019.txt,1,¿Cómo te sientes respecto al tiempo que pasas en la escuela y el tiempo libre que te queda en casa?,"en las dos me siento bien, en el tiempo tiempo de la casa lo utilizo para hacer tareas, dormir, ver peli y hasta salir y en el cole, me explican los temas, la paso bien y estudio.",37,placentero,2,0,"bien, bien",
texto_0532,juan,jpmh_pregunta1_estudiante020.txt,1,¿Cómo te sientes respecto al tiempo que pasas en la escuela y el tiempo libre que te queda en casa?,"me siento bien con ambas, el tiempo en la escuela deberia ser un poco menos y en casa esta bien, lo digo porque te levantas temprano y sales tarde.",29,mixto,2,3,"bien, bien","deberia ser, poco"
texto_0533,juan,jpmh_pregunta1_estudiante021.txt,1,¿Cómo te sientes respecto al tiempo que pasas en la escuela y el tiempo libre que te queda en casa?,"en la escuela me siento como una extraña y paso bien con mis amigos. En la casa me siento feliz, alegre, juego con mis amigos y salgo con mis amigas.",30,mixto,3,1,"bien, feliz, juego",extraña
texto_0534,juan,jpmh_pregunta1_estudiante022.txt,1,¿Cómo te sientes respecto al tiempo que pasas en la escuela y el tiempo libre que te queda en casa?,"en el colegio estresado cansado, con sueño, con hambre, con rabia y en la casa relajado, calmado y descansado.",19,mixto,2,2,"relajado, calmado","estresado, cansado"
texto_0535,juan,jpmh_pregunta1_estudiante023.txt,1,¿Cómo te sientes respecto al tiempo que pasas en la escuela y el tiempo libre que te queda en casa?,me siento bien ya que paso tiempo con mis compañero de escuela y con los de la infancia y ademas con mi familia.,23,placentero,1,0,bien,
texto_0536,juan,jpmh_pregunta1_estudiante024.txt,1,¿Cómo te sientes respecto al tiempo que pasas en la escuela y el tiempo libre que te queda en casa?,"siento que es normal, pero pues me gustaria pasar mas tiempo en vacaciones.",13,desagradable,0,2,,me gustaria
texto_0537,juan,jpmh_pregunta1_estudiante025.txt,1,¿Cómo te sientes respecto al tiempo que pasas en la escuela y el tiempo libre que te queda en casa?,"normal pero hay dias que en realidad termino muy agotada y estresada por mi rutina porque a veces tengo doble entrenamiento en voleibol se me acumulan las tareas entonces tambien en el colegio o me siento un poco estresada, otros dias vengo amargada y tambien algunos profesores no colaboran, de paso los problemas en casa pero tambien hay dias que te alivias de eso y vas al colegio con mas ganas y quieres divertirte con tus compañeras y asi.",79,desagradable,0,6,,"agotada, estresada, acumulan, poco, estresada, problemas"
texto_0538,juan,jpmh_pregunta1_estudiante026.txt,1,¿Cómo te sientes respecto al tiempo que pasas en la escuela y el tiempo libre que te queda en casa?,con mi tiempo libre me siento bien y en la escuela tambien porque me reuno con mis compañeros,18,placentero,1,0,bien,
texto_0540,juan,jpmh_pregunta1_estudiante028.txt,1,¿Cómo te sientes respecto al tiempo que pasas en la escuela y el tiempo libre que te queda en casa?,bien normal ya que es como mitad y mitad porque de igual forma me queda tiempo libre despues del colegio,20,placentero,1,0,bien,
texto_0541,juan,jpmh_pregunta1_estudiante029.txt,1,¿Cómo te sientes respecto al tiempo que pasas en la escuela y el tiempo libre que te queda en casa?,"en el colegio bien ya que me distraigo, me rio y disfruto mas que en casa",16,placentero,2,0,"bien, disfruto",
texto_0542,juan,jpmh_pregunta1_estudiante030.txt,1,¿Cómo te sientes respecto al tiempo que pasas en la escuela y el tiempo libre que te queda en casa?,"que hagan cuatro horas de educacion fisica, dos horas de pelicula y que vengamos solo lunes y martes, ademas deberian mejorar la electricidad y ya.",25,desagradable,0,2,,deberian mejorar
texto_0543,juan,jpmh_pregunta2_estudiante001.txt,2,"¿Qué opinión tienes sobre el volumen de tareas, proyectos y evaluaciones académicas que recibes?",bueno pues no me gusta pero aja que se puede hacer y aja nos conviene es para no pongan tarea pero los examenes cansan,24,mixto,1,1,gusta,cansan
texto_0544,juan,jpmh_pregunta2_estudiante002.txt,2,"¿Qué opinión tienes sobre el volumen de tareas, proyectos y evaluaciones académicas que recibes?",en mi caso yo opino que acumulan tareas al momentod e hacerlas nos hara dificil entere mas acumulemos las tareas,20,desagradable,0,2,,"acumulan, dificil"
texto_0545,juan,jpmh_pregunta2_estudiante003.txt,2,"¿Qué opinión tienes sobre el volumen de tareas, proyectos y evaluaciones académicas que recibes?",me estréso con ese poco de tareas,7,desagradable,0,1,,poco
texto_0546,juan,jpmh_pregunta2_estudiante004.txt,2,"¿Qué opinión tienes sobre el volumen de tareas, proyectos y evaluaciones académicas que recibes?",yo opino que el mismo dia que las pongan hacerlas porque si acumulamos todas las tareas se nos hara mas dificil hacerlas y al momento de entregarlas nos demoramos mucho haciendola,31,desagradable,0,1,,dificil
texto_0547,juan,jpmh_pregunta2_estudiante005.txt,2,"¿Qué opinión tienes sobre el volumen de tareas, proyectos y evaluaciones académicas que recibes?",bien para ganar notas,4,placentero,1,0,bien,
texto_0548,juan,jpmh_pregunta2_estudiante006.txt,2,"¿Qué opinión tienes sobre el volumen de tareas, proyectos y evaluaciones académicas que recibes?",mucha tarea ya que en momentos tenemos muchas tareas acumuladas y de un momento tenemos proyectos exposiciones etc mucho compromiso,20,desagradable,0,1,,acumuladas
texto_0549,juan,jpmh_pregunta2_estudiante007.txt,2,"¿Qué opinión tienes sobre el volumen de tareas, proyectos y evaluaciones académicas que recibes?",yo diria quee sta bien porque los proyectos serian para afianzar conocimientos y en los personal me siento bien porque la evaluaciones seria man facil al estudiar.,27,placentero,3,0,"bien, bien, facil",
texto_0550,juan,jpmh_pregunta2_estudiante008.txt,2,"¿Qué opinión tienes sobre el volumen de tareas, proyectos y evaluaciones académicas que recibes?",ps normal lo unico que no me gusta son las tareas de quimica de aule,15,placentero,1,0,gusta,
texto_0551,juan,jpmh_pregunta2_estudiante009.txt,2,"¿Qué opinión tienes sobre el volumen de tareas, proyectos y evaluaciones académicas que recibes?",normal ya que las tareas bien pero a veces siento que dejan muchos trabajos en distintas areas para la misma semana y algunos evaluaciiones tienen temas no terminados por completo.,30,placentero,1,0,bien,
texto_0554,juan,jpmh_pregunta2_estudiante012.txt,2,"¿Qué opinión tienes sobre el volumen de tareas, proyectos y evaluaciones académicas que recibes?",son demasiadas actividades pero estan reguladas a su manera y dependen bastante del profesor,14,desagradable,0,1,,demasiadas
texto_0555,juan,jpmh_pregunta2_estudiante013.txt,2,"¿Qué opinión tienes sobre el volumen de tareas, proyectos y evaluaciones académicas que recibes?","estamos en un curso que las actividades son mas extensas que cuando estabamos en 3 o 4 hasta 5, es un grado dificil y a medida de que vayamos subiendo de grado mas actividades hay.",35,desagradable,0,1,,dificil
texto_0556,juan,jpmh_pregunta2_estudiante014.txt,2,"¿Qué opinión tienes sobre el volumen de tareas, proyectos y evaluaciones académicas que recibes?",mi opinion pues es que me parece bien ya que asi podemos aprender mas y a ser mas responsables,19,placentero,2,0,"bien, aprender",
texto_0557,juan,jpmh_pregunta2_estudiante015.txt,2,"¿Qué opinión tienes sobre el volumen de tareas, proyectos y evaluaciones académicas que recibes?",realmente es muy agotador debido a que en semana de evaluaciones pueden haber muchas actividades y proyectos al mismo tiempo.,20,desagradable,0,1,,agotador
texto_0559,juan,jpmh_pregunta2_estudiante017.txt,2,"¿Qué opinión tienes sobre el volumen de tareas, proyectos y evaluaciones académicas que recibes?","bueno la verdad, todo en la vida no es facil, sabemos que los profesores aumentan las tareas, proyectos y evaluaciones para poder progresar en la vida y tengamos un futuro estable y a mi me parece bien que nos pongan tarea para que podamos tener conocimientos suficiente para nuestra vida.",50,placentero,2,0,"facil, bien",
texto_0560,juan,jpmh_pregunta2_estudiante018.txt,2,"¿Qué opinión tienes sobre el volumen de tareas, proyectos y evaluaciones académicas que recibes?","yo digo que bien la verdad, no siento que sean muchas tareas y aveces es necesario que nos pongan una que otra",22,placentero,2,0,"bien, necesario",
texto_0561,juan,jpmh_pregunta2_estudiante019.txt,2,"¿Qué opinión tienes sobre el volumen de tareas, proyectos y evaluaciones académicas que recibes?","mi opinion es que estan bien, no ponen muchas pero tampoco naday pues esta bien que nos pongan varias actividaes ya que nos ayuda a practicar lo dado en las clases.",31,placentero,2,0,"bien, bien",
texto_0562,juan,jpmh_pregunta2_estudiante020.txt,2,"¿Qué opinión tienes sobre el volumen de tareas, proyectos y evaluaciones académicas que recibes?",a veces es demasiado pero depende la materia y la semana aparte que nada te asegura que las tareas se revisaran. Podemos estudiar pero no siempre queda claro el tema,30,desagradable,0,1,,demasiado
texto_0564,juan,jpmh_pregunta2_estudiante022.txt,2,"¿Qué opinión tienes sobre el volumen de tareas, proyectos y evaluaciones académicas que recibes?",que la tarea deberai ser ilegal y solo deberian hacer un solo examen por periodo en cada materia y que solo deberian hacer un prueba estandarizada.,26,desagradable,0,4,,"deberian hacer, deberian hacer"
texto_0565,juan,jpmh_pregunta2_estudiante023.txt,2,"¿Qué opinión tienes sobre el volumen de tareas, proyectos y evaluaciones académicas que recibes?","para mi esta bien que pongan tareas, proyectos y evaluaciones academicas ya que uno viene al colegio aprender y compartir con nuestros compañeros pero a veces los profesores abusan muchos con las actividades academcias y con no esta bien ya que nosotros tambien tenemos cosas que hacer en casa.",49,mixto,3,1,"bien, aprender, bien",abusan
texto_0566,juan,jpmh_pregunta2_estudiante024.txt,2,"¿Qué opinión tienes sobre el volumen de tareas, proyectos y evaluaciones académicas que recibes?","a veces siento que son demasiadas, pero toca hacerlas y ya, o sino pierdo la materia.",16,desagradable,0,1,,demasiadas
texto_0567,juan,jpmh_pregunta2_estudiante025.txt,2,"¿Qué opinión tienes sobre el volumen de tareas, proyectos y evaluaciones académicas que recibes?",simplemente hay profesores que se pasan y tampoco me gusta la metodologia para tareas y en examenes y eso pues hay unos profesores que ponen temas que no hemos dado.,30,placentero,1,0,gusta,
texto_0568,juan,jpmh_pregunta2_estudiante026.txt,2,"¿Qué opinión tienes sobre el volumen de tareas, proyectos y evaluaciones académicas que recibes?",son muchas tareas y no puedo aprovechar bien mi dia libre,11,mixto,1,2,bien,no puedo
texto_0571,juan,jpmh_pregunta2_estudiante029.txt,2,"¿Qué opinión tienes sobre el volumen de tareas, proyectos y evaluaciones académicas que recibes?",bien,1,placentero,1,0,bien,
texto_0574,karen,karen_pregunta1_respuesta002.txt,1,¿Cómo te sientes respecto al tiempo que pasas en la escuela y el tiempo libre que te queda en casa?,"me siento bien en el colegio, comparto con mi grupo, pero llego re cansado a mi casa",17,mixto,1,1,bien,cansado
texto_0575,karen,karen_pregunta1_respuesta003.txt,1,¿Cómo te sientes respecto al tiempo que pasas en la escuela y el tiempo libre que te queda en casa?,"el tiempo no me rinde, entre el colegio, el preicfes y las tareas no duermo casi",16,desagradable,0,2,,no duermo
texto_0576,karen,karen_pregunta1_respuesta004.txt,1,¿Cómo te sientes respecto al tiempo que pasas en la escuela y el tiempo libre que te queda en casa?,"bien, me gusta el colegio porque veo a mi novia y a mis amigos",14,placentero,2,0,"bien, gusta",
texto_0577,karen,karen_pregunta1_respuesta005.txt,1,¿Cómo te sientes respecto al tiempo que pasas en la escuela y el tiempo libre que te queda en casa?,"a veces quiero que se acabe el año ya, estoy full agotada de madrugar",14,desagradable,0,1,,agotada
texto_0579,karen,karen_pregunta1_respuesta007.txt,1,¿Cómo te sientes respecto al tiempo que pasas en la escuela y el tiempo libre que te queda en casa?,"me gusta mas estar aca que en mi casa, el ambiente es mejor",13,placentero,1,0,gusta,
texto_0580,karen,karen_pregunta1_respuesta008.txt,1,¿Cómo te sientes respecto al tiempo que pasas en la escuela y el tiempo libre que te queda en casa?,"siento mucha presion, el tiempo libre lo uso para adelantar cuadernos",11,desagradable,0,1,,presion
texto_0581,karen,karen_pregunta1_respuesta009.txt,1,¿Cómo te sientes respecto al tiempo que pasas en la escuela y el tiempo libre que te queda en casa?,"el colegio es firme, uno se rie mucho con las locuras del salon",13,placentero,1,0,firme,
texto_0582,karen,karen_pregunta1_respuesta010.txt,1,¿Cómo te sientes respecto al tiempo que pasas en la escuela y el tiempo libre que te queda en casa?,en la tarde me da mucha flojera hacer oficios despues de venir del colegio,14,desagradable,0,1,,flojera
texto_0583,karen,karen_pregunta1_respuesta011.txt,1,¿Cómo te sientes respecto al tiempo que pasas en la escuela y el tiempo libre que te queda en casa?,"bien, aunque siento que este año nos exigen mas horas de estudio",12,mixto,1,1,bien,exigen
texto_0585,karen,karen_pregunta1_respuesta013.txt,1,¿Cómo te sientes respecto al tiempo que pasas en la escuela y el tiempo libre que te queda en casa?,"me siento estresada casi siempre, la jornada se me hace larguisima",11,desagradable,0,1,,estresada
texto_0586,karen,karen_pregunta1_respuesta014.txt,1,¿Cómo te sientes respecto al tiempo que pasas en la escuela y el tiempo libre que te queda en casa?,"super bien, me gusta compartir en los descansos, en la casa es puro aburrimiento",14,mixto,2,1,"bien, gusta",aburrimiento
texto_0587,karen,karen_pregunta1_respuesta015.txt,1,¿Cómo te sientes respecto al tiempo que pasas en la escuela y el tiempo libre que te queda en casa?,"el tiempo libre no existe, literal",6,desagradable,0,2,,no existe
texto_0588,karen,karen_pregunta1_respuesta016.txt,1,¿Cómo te sientes respecto al tiempo que pasas en la escuela y el tiempo libre que te queda en casa?,"me gusta venir, pero a la ultima hora ya no aguanto el sueño",13,placentero,1,0,gusta,
texto_0589,karen,karen_pregunta1_respuesta017.txt,1,¿Cómo te sientes respecto al tiempo que pasas en la escuela y el tiempo libre que te queda en casa?,"bien, mi casa es cerca asi que llego rapido a almorzar y dormir",13,placentero,1,0,bien,
texto_0590,karen,karen_pregunta1_respuesta018.txt,1,¿Cómo te sientes respecto al tiempo que pasas en la escuela y el tiempo libre que te queda en casa?,en el colegio me desestreso de los problemas de mi casa,11,mixto,2,1,me desestreso,problemas
texto_0592,karen,karen_pregunta1_respuesta020.txt,1,¿Cómo te sientes respecto al tiempo que pasas en la escuela y el tiempo libre que te queda en casa?,"el colegio es bacano, pero la levantada a las 5 am me tiene destruido",14,mixto,1,1,bacano,destruido
texto_0593,karen,karen_pregunta1_respuesta021.txt,1,¿Cómo te sientes respecto al tiempo que pasas en la escuela y el tiempo libre que te queda en casa?,"me gusta compartir con mis amigos, la casa es solo para dormir",12,placentero,1,0,gusta,
texto_0594,karen,karen_pregunta1_respuesta022.txt,1,¿Cómo te sientes respecto al tiempo que pasas en la escuela y el tiempo libre que te queda en casa?,ya uno en noveno tiene mas responsabilidades y menos tiempo para jugar,12,placentero,1,0,jugar,
texto_0595,karen,karen_pregunta1_respuesta023.txt,1,¿Cómo te sientes respecto al tiempo que pasas en la escuela y el tiempo libre que te queda en casa?,"tranquila, me organizo bien y me queda tiempo para ir al gimnasio",12,placentero,3,0,"tranquila, organizo, bien",
texto_0596,karen,karen_pregunta1_respuesta024.txt,1,¿Cómo te sientes respecto al tiempo que pasas en la escuela y el tiempo libre que te queda en casa?,a veces me da ansiedad pensar en todo el tiempo que paso encerrada aca,14,desagradable,0,1,,ansiedad
texto_0598,karen,karen_pregunta1_respuesta026.txt,1,¿Cómo te sientes respecto al tiempo que pasas en la escuela y el tiempo libre que te queda en casa?,"me gusta estar con mi combo, en la casa me aburro full",12,mixto,1,1,gusta,aburro
texto_0600,karen,karen_pregunta1_respuesta028.txt,1,¿Cómo te sientes respecto al tiempo que pasas en la escuela y el tiempo libre que te queda en casa?,me siento bien pero el cansancio mental es fuerte este año,11,placentero,1,0,bien,
texto_0602,karen,karen_pregunta1_respuesta030.txt,1,¿Cómo te sientes respecto al tiempo que pasas en la escuela y el tiempo libre que te queda en casa?,"bien, pero me gustaria tener mas tiempo libre los fines de semana",12,mixto,1,2,bien,me gustaria
texto_0603,karen,karen_pregunta1_respuesta031.txt,1,¿Cómo te sientes respecto al tiempo que pasas en la escuela y el tiempo libre que te queda en casa?,el colegio chevere pero la verdad prefiero estar en mi cuarto sola,12,placentero,1,0,chevere,
texto_0604,karen,karen_pregunta2_respuesta001.txt,2,"¿Qué opinión tienes sobre el volumen de tareas, proyectos y evaluaciones académicas que recibes?","las tareas de fisica y quimica nos tienen locos, es demasiado",11,desagradable,0,1,,demasiado
texto_0606,karen,karen_pregunta2_respuesta003.txt,2,"¿Qué opinión tienes sobre el volumen de tareas, proyectos y evaluaciones académicas que recibes?","mucha carga, los proyectos finales son pesadisimos y exigen mucho",10,desagradable,0,2,,"pesadisimos, exigen"
texto_0609,karen,karen_pregunta2_respuesta006.txt,2,"¿Qué opinión tienes sobre el volumen de tareas, proyectos y evaluaciones académicas que recibes?",son demasiados trabajos de investigacion y ensayos largos,8,desagradable,0,1,,demasiados
texto_0610,karen,karen_pregunta2_respuesta007.txt,2,"¿Qué opinión tienes sobre el volumen de tareas, proyectos y evaluaciones académicas que recibes?",yo opino que deberian evaluar mas el trabajo en clase y no mandar tanta cosa pa la casa,18,desagradable,0,2,,deberian evaluar
texto_0611,karen,karen_pregunta2_respuesta008.txt,2,"¿Qué opinión tienes sobre el volumen de tareas, proyectos y evaluaciones académicas que recibes?",hay materias que exageran con las guias que mandan,9,desagradable,0,1,,exageran
texto_0612,karen,karen_pregunta2_respuesta009.txt,2,"¿Qué opinión tienes sobre el volumen de tareas, proyectos y evaluaciones académicas que recibes?",me parece que es necesario para prepararnos para decimo y el ICFES,12,placentero,1,0,necesario,
texto_0613,karen,karen_pregunta2_respuesta010.txt,2,"¿Qué opinión tienes sobre el volumen de tareas, proyectos y evaluaciones académicas que recibes?","las evaluaciones orales me dan muchos nervios, prefiero las escritas",10,desagradable,0,1,,nervios
texto_0614,karen,karen_pregunta2_respuesta011.txt,2,"¿Qué opinión tienes sobre el volumen de tareas, proyectos y evaluaciones académicas que recibes?","es demasiada teoria y poco tiempo para entregar, uno hace las cosas por hacerlas",14,desagradable,0,2,,"demasiada, poco"
texto_0615,karen,karen_pregunta2_respuesta012.txt,2,"¿Qué opinión tienes sobre el volumen de tareas, proyectos y evaluaciones académicas que recibes?","yo hago lo que puedo, pero a veces me rindo con los talleres largos",14,desagradable,0,2,,me rindo
texto_0616,karen,karen_pregunta2_respuesta013.txt,2,"¿Qué opinión tienes sobre el volumen de tareas, proyectos y evaluaciones académicas que recibes?","bien, pero aja, se acumulan al final del periodo y corremos todos",12,mixto,1,1,bien,acumulan
texto_0617,karen,karen_pregunta2_respuesta014.txt,2,"¿Qué opinión tienes sobre el volumen de tareas, proyectos y evaluaciones académicas que recibes?",me parece injusto que manden trabajos el viernes para el lunes,11,desagradable,0,1,,injusto
texto_0618,karen,karen_pregunta2_respuesta015.txt,2,"¿Qué opinión tienes sobre el volumen de tareas, proyectos y evaluaciones académicas que recibes?",los proyectos en grupo son un problema porque nadie quiere hacer nada,12,desagradable,0,1,,problema
texto_0620,karen,karen_pregunta2_respuesta017.txt,2,"¿Qué opinión tienes sobre el volumen de tareas, proyectos y evaluaciones académicas que recibes?","las tareas de tecnologia me gustan porque son practicas, las demas dan flojera",13,desagradable,0,1,,flojera
texto_0622,karen,karen_pregunta2_respuesta019.txt,2,"¿Qué opinión tienes sobre el volumen de tareas, proyectos y evaluaciones académicas que recibes?","mucha presion, a veces no duermo haciendo carteleras y exposiciones",10,desagradable,0,3,,"no duermo, presion"
texto_0623,karen,karen_pregunta2_respuesta020.txt,2,"¿Qué opinión tienes sobre el volumen de tareas, proyectos y evaluaciones académicas que recibes?","yo opino que esta bien, nos acostumbra a ser responsables",10,placentero,1,0,bien,
texto_0624,karen,karen_pregunta2_respuesta021.txt,2,"¿Qué opinión tienes sobre el volumen de tareas, proyectos y evaluaciones académicas que recibes?","nos mandan cosas que ni explican bien en clase, le toca a uno buscar en youtube",16,placentero,1,0,bien,
texto_0625,karen,karen_pregunta2_respuesta022.txt,2,"¿Qué opinión tienes sobre el volumen de tareas, proyectos y evaluaciones académicas que recibes?","las tareas acumuladas me dan ansiedad, no se por donde empezar",11,desagradable,0,4,,"no se por, acumuladas, ansiedad"
texto_0626,karen,karen_pregunta2_respuesta023.txt,2,"¿Qué opinión tienes sobre el volumen de tareas, proyectos y evaluaciones académicas que recibes?","deberian hacer evaluaciones con libro abierto, igual uno necesita entender no memorizar",12,desagradable,0,2,,deberian hacer
texto_0627,karen,karen_pregunta2_respuesta024.txt,2,"¿Qué opinión tienes sobre el volumen de tareas, proyectos y evaluaciones académicas que recibes?",los trabajos son pasables pero las sustentaciones son las que complican la vida,13,desagradable,0,1,,complican
texto_0628,karen,karen_pregunta2_respuesta025.txt,2,"¿Qué opinión tienes sobre el volumen de tareas, proyectos y evaluaciones académicas que recibes?","es mucho trabajo, literal uno termina cansado mentalmente los viernes",10,desagradable,0,1,,cansado
texto_0630,karen,karen_pregunta2_respuesta027.txt,2,"¿Qué opinión tienes sobre el volumen de tareas, proyectos y evaluaciones académicas que recibes?",las tareas de matematicas son imposibles a veces,8,desagradable,0,1,,imposibles
texto_0631,karen,karen_pregunta2_respuesta028.txt,2,"¿Qué opinión tienes sobre el volumen de tareas, proyectos y evaluaciones académicas que recibes?","esta pasable, pero que no abusen con los talleres de 50 preguntas",12,mixto,1,1,pasable,abusen
texto_0632,karen,karen_pregunta2_respuesta029.txt,2,"¿Qué opinión tienes sobre el volumen de tareas, proyectos y evaluaciones académicas que recibes?",las evaluaciones sorpresa son una falta de respeto con el estudiante,11,desagradable,0,2,,falta de respeto
texto_0633,karen,karen_pregunta2_respuesta030.txt,2,"¿Qué opinión tienes sobre el volumen de tareas, proyectos y evaluaciones académicas que recibes?","los proyectos transversales son un enredo, nadie entiende que hay que entregar",12,desagradable,0,1,,enredo
texto_0634,karen,karen_pregunta2_respuesta031.txt,2,"¿Qué opinión tienes sobre el volumen de tareas, proyectos y evaluaciones académicas que recibes?","ps normal, hay que hacerlas para pasar y no dejar materias",11,desagradable,0,2,,no dejar
texto_0635,marlon,estudiante_Marlon_001.txt,1,¿Cómo te sientes respecto al tiempo que pasas en la escuela y el tiempo libre que te queda en casa?,Ami me gusta venir al colegio todos los dias menos los martes por que el marte tocan materias muy pesadas.pero en mi casa yo no hago nada y prefiero estar en mi casa que el colegio.,36,placentero,1,0,gusta,
texto_0636,marlon,estudiante_Marlon_001.txt,2,"¿Qué opinión tienes sobre el volumen de tareas, proyectos y evaluaciones académicas que recibes?",Que esta bien que pongan muchas tareas por que si uno ase muchas tareas los examenes no hacen que nos baje lanota,22,placentero,1,0,bien,
texto_0637,marlon,estudiante_Marlon_002.txt,1,¿Cómo te sientes respecto al tiempo que pasas en la escuela y el tiempo libre que te queda en casa?,En el calegio porque me dan lo chencan y paso el tiempo sin aburrimiento y en mi casa lo paso nitido porque no salgo ni nada.,26,desagradable,0,1,,aburrimiento
texto_0638,marlon,estudiante_Marlon_002.txt,2,"¿Qué opinión tienes sobre el volumen de tareas, proyectos y evaluaciones académicas que recibes?",no ese poco de tafor no me gusta no los ayo pero no me gustan y lo academico es bueno porque recibimos una claser muy abansado.,26,mixto,2,1,"gusta, bueno",poco
texto_0639,marlon,estudiante_Marlon_003.txt,1,¿Cómo te sientes respecto al tiempo que pasas en la escuela y el tiempo libre que te queda en casa?,Mi tiempo en la escuela esta bien pero los profesores molestan mucho pero lo de mas esta bien y en mi casa relajado esmejor que el colegio.,27,placentero,3,0,"bien, bien, relajado",
texto_0641,marlon,estudiante_Marlon_004.txt,1,¿Cómo te sientes respecto al tiempo que pasas en la escuela y el tiempo libre que te queda en casa?,respecto al tiempo que paso en mi colegio me siento mas o menos Ya veces mal por el calor.,19,desagradable,0,1,,mal
texto_0643,marlon,estudiante_Marlon_005.txt,1,¿Cómo te sientes respecto al tiempo que pasas en la escuela y el tiempo libre que te queda en casa?,"Para mi­ esta bien el tiempo que pasamos en la escuela porque socializamos pero, gustar­a estudiar en la mañana, asi­ pasamos mas tiempo libre.",24,placentero,1,0,bien,
texto_0645,marlon,estudiante_Marlon_006.txt,1,¿Cómo te sientes respecto al tiempo que pasas en la escuela y el tiempo libre que te queda en casa?,"me parece bien ya que duro mas en mi casa que en el colegio, aunque casi toda el tiempo me lo gasto haciendo tareas.",24,placentero,1,0,bien,
texto_0646,marlon,estudiante_Marlon_006.txt,2,"¿Qué opinión tienes sobre el volumen de tareas, proyectos y evaluaciones académicas que recibes?",que no siempre toda es tareas y evaluaciones ya que de vez encuando es bueno ponerlo en practica con el profesor presente.,22,placentero,1,0,bueno,
texto_0647,marlon,estudiante_Marlon_007.txt,1,¿Cómo te sientes respecto al tiempo que pasas en la escuela y el tiempo libre que te queda en casa?,"Siento que esta bien pero tampoco nos deja tiempo para hacer tarea en casa o estudiar, por la razon de que apenas salimos ya es de noche y al dia siguiente toca ayudar en casa.",35,placentero,1,0,bien,
texto_0648,marlon,estudiante_Marlon_007.txt,2,"¿Qué opinión tienes sobre el volumen de tareas, proyectos y evaluaciones académicas que recibes?",En las tareas esta bien pero en las evaluaciones aveces uno se acumula con todo y se le es dificil estudiar todo y aprenderlo todo.,25,mixto,1,1,bien,dificil
texto_0649,marlon,estudiante_Marlon_008.txt,1,¿Cómo te sientes respecto al tiempo que pasas en la escuela y el tiempo libre que te queda en casa?,"En el colegio me siento bien, me vio con mis amigos, a diferiencia en la casa me siento un poco solo y aburrido.",23,mixto,1,2,bien,"poco, aburrido"
texto_0650,marlon,estudiante_Marlon_008.txt,2,"¿Qué opinión tienes sobre el volumen de tareas, proyectos y evaluaciones académicas que recibes?",Opino que esta bien solo que se nesecita una explicacion mas profunda.,12,placentero,1,0,bien,
texto_0651,marlon,estudiante_Marlon_009.txt,1,¿Cómo te sientes respecto al tiempo que pasas en la escuela y el tiempo libre que te queda en casa?,el tiempo que paso en la escula me siento vien por que aprendo para ser alguien en la vida y tener un futuro.el tiempo libre lo usos para ser mis tarea y descansar.,33,placentero,1,0,aprendo,
texto_0652,marlon,estudiante_Marlon_009.txt,2,"¿Qué opinión tienes sobre el volumen de tareas, proyectos y evaluaciones académicas que recibes?",yo opino sobre el bolumen de la tarea por que con las tarea podemos aprender y los evaluaciones es para entender las tarea y el profesor nos explica los temas para entender un examen para que nosotros ganemos ese examen.,40,placentero,1,0,aprender,
texto_0653,marlon,estudiante_Marlon_010.txt,1,¿Cómo te sientes respecto al tiempo que pasas en la escuela y el tiempo libre que te queda en casa?,"En el colegio la paso bien por que comparto con mis compañeras, compañeros y mis amigas, el tiempo en mi casa es poco por que el mayor tiempo estoy en el colegio.",32,mixto,1,1,bien,poco
texto_0655,marlon,estudiante_Marlon_011.txt,1,¿Cómo te sientes respecto al tiempo que pasas en la escuela y el tiempo libre que te queda en casa?,"En el colegio la paso bien por que comparto con mis compañeras, compañeros y mis amigas, el tiempo en mi casa es poco por que el mayor tiempo estoy en el colegio.",32,mixto,1,1,bien,poco
texto_0657,marlon,estudiante_Marlon_012.txt,1,¿Cómo te sientes respecto al tiempo que pasas en la escuela y el tiempo libre que te queda en casa?,"Bueno mi tiempo en la escuela lo disfruto al maximo ya que es en el lugar que mas interactuo y me distraigo, por eso prefiero pasar mas tiempo en la escuela que en mi casa, porque en mi casa muy poco hago cosas productivas.",44,mixto,1,1,disfruto,poco
texto_0658,marlon,estudiante_Marlon_012.txt,2,"¿Qué opinión tienes sobre el volumen de tareas, proyectos y evaluaciones académicas que recibes?","Pues no me parece tan mal la cantidad de tareas que ponen, pero, hai veces que suele ser estresante las evaluaciones, porque unas veces ponen hasta tres evaluaciones por dia.",30,desagradable,0,2,,"mal, estresante"
texto_0659,marlon,estudiante_Marlon_013.txt,1,¿Cómo te sientes respecto al tiempo que pasas en la escuela y el tiempo libre que te queda en casa?,En el colegio me siento un poco aburrido y obligado a hacer tareas. En mi casa me siento relajado y tranquilo.,21,mixto,2,2,"relajado, tranquilo","poco, aburrido"
texto_0661,marlon,estudiante_Marlon_014.txt,1,¿Cómo te sientes respecto al tiempo que pasas en la escuela y el tiempo libre que te queda en casa?,El tiempo en el colegio lo paso bien por que estas con amigos y mal porque el cole parece una carcel.En casa excelente no me preocupo por na.,28,mixto,1,1,bien,mal
texto_0663,marlon,estudiante_Marlon_015.txt,1,¿Cómo te sientes respecto al tiempo que pasas en la escuela y el tiempo libre que te queda en casa?,Bueno yo cuando estoy en el colegio me sien to bien porque estoy con mis compañeros. Bueno en mi casa cuando tengo libre el dea con el telefono.,28,placentero,2,0,"bien, bueno",
texto_0667,marlon,estudiante_Marlon_017.txt,1,¿Cómo te sientes respecto al tiempo que pasas en la escuela y el tiempo libre que te queda en casa?,"Yo me siento bien aunque no son todo la beces, porque comparto con mis compañeros, y con ellas soy feliz. y el tiempo libre en mi casa trato de disfrutar al maximo con mi familia.",35,placentero,3,0,"bien, feliz, disfrutar",
texto_0668,marlon,estudiante_Marlon_017.txt,2,"¿Qué opinión tienes sobre el volumen de tareas, proyectos y evaluaciones académicas que recibes?",Yo opino que muchas son estresantes y hay algunas que son un poco divertidos.,14,mixto,1,2,divertidos,"estresantes, poco"
texto_0669,marlon,estudiante_Marlon_018.txt,1,¿Cómo te sientes respecto al tiempo que pasas en la escuela y el tiempo libre que te queda en casa?,"en el tiempo que estoy en la escuela la paso bien, hablando con amigos, divirtiendome, haciendo tareas. En el tiempo libre que me quedo en casa me pongo a jugar futbol, me voy para el monte.",36,placentero,2,0,"bien, jugar",
texto_0671,marlon,estudiante_Marlon_019.txt,1,¿Cómo te sientes respecto al tiempo que pasas en la escuela y el tiempo libre que te queda en casa?,yo en la escola mesiento como mas alegre me entretengo con mis amigos. yo en el tiempo lidre que me queda en mi casa me voy para donde mi abuela a jugar con mis primos.,35,placentero,1,0,jugar,
texto_0674,marlon,estudiante_Marlon_020.txt,2,"¿Qué opinión tienes sobre el volumen de tareas, proyectos y evaluaciones académicas que recibes?",ami no me pareze que le den poco tiempo para resolver las Evoluciones.,13,desagradable,0,1,,poco
texto_0676,marlon,estudiante_Marlon_021.txt,2,"¿Qué opinión tienes sobre el volumen de tareas, proyectos y evaluaciones académicas que recibes?",Mi opinion es que el volumen de tareas esta bien para el curso que estamos y las evaluaciones son faciles si estudias.,22,placentero,2,0,"bien, faciles",
texto_0677,marlon,estudiante_Marlon_022.txt,1,¿Cómo te sientes respecto al tiempo que pasas en la escuela y el tiempo libre que te queda en casa?,En el tiempo libre bien porque paso haciendo lo que me gusta. En el cole bien por que aprende muchas casa para mi futuro.,24,placentero,3,0,"bien, gusta, bien",
texto_0678,marlon,estudiante_Marlon_022.txt,2,"¿Qué opinión tienes sobre el volumen de tareas, proyectos y evaluaciones académicas que recibes?",o que es bien pa que es para un buen.,10,placentero,2,0,"bien, buen",
texto_0679,marlon,estudiante_Marlon_023.txt,1,¿Cómo te sientes respecto al tiempo que pasas en la escuela y el tiempo libre que te queda en casa?,"yo en la escuela me siento, de manera respectiva como aburrido, y tranquilo por que me mantienen haciendo algo. tiempo libre en la casa yo me siento bueno y alegre Por que me voy para el campo para piscina hago mandado la paso con mis amigos y con mi familia.",50,mixto,2,1,"tranquilo, bueno",aburrido
texto_0681,marlon,estudiante_Marlon_024.txt,1,¿Cómo te sientes respecto al tiempo que pasas en la escuela y el tiempo libre que te queda en casa?,"De mi punto academica yo doy este año estoy mas relajado, por que siento que me estoy portando bien para tener una buena nota academica.Bueno, el tiempo q paso en el colegio me siento un poco mas libre, feliz porque sonrio mucho y es algo que nadien aqui me va a impedir hacer, tambien me ciento tranquila y un poco de paz a pesar de los escandalos que forman.el tiempo libre q la paso en mi casa es horrible ya que no tengo nada q hacer y la paso muy aborrida.",91,mixto,6,4,"relajado, bien, buena, bueno, feliz, tranquila","no tengo, poco, poco"
texto_0682,marlon,estudiante_Marlon_024.txt,2,"¿Qué opinión tienes sobre el volumen de tareas, proyectos y evaluaciones académicas que recibes?","la opinion que tengo sobre el bolumen de tareas esque al princio de clases se acceden mucho con las tareas, pero eso cambio y creo que esta bien con lo que ponen. y sobre la evolucion academica que recibo, me ciento a veces muy estresada por las tareas ya q hay temas que no entiendo y se me dificulta.",59,mixto,1,1,bien,estresada
texto_0683,marlon,estudiante_Marlon_025.txt,1,¿Cómo te sientes respecto al tiempo que pasas en la escuela y el tiempo libre que te queda en casa?,"En el colegio me siento bien porque convivo con mis compañeros y aprendo. En mi casa me siento super bien, por que paso tiempo con mi familia, convivo, aprendo y soy feliz.",32,placentero,5,0,"bien, aprendo, bien, aprendo, feliz",
texto_0684,marlon,estudiante_Marlon_025.txt,2,"¿Qué opinión tienes sobre el volumen de tareas, proyectos y evaluaciones académicas que recibes?","A veces esta bien, pero hay veces que nos sobre cargan con muchas tareas y se siente el estres academico.",20,mixto,1,1,bien,estres
texto_0685,marlon,estudiante_Marlon_026.txt,1,¿Cómo te sientes respecto al tiempo que pasas en la escuela y el tiempo libre que te queda en casa?,En el colegio me siento bien pero no me gusta pasar tanto tiempo en el. En mi casa tambien me siento bien y me gusta estar ahi.,27,placentero,4,0,"bien, gusta, bien, gusta",
texto_0686,marlon,estudiante_Marlon_026.txt,2,"¿Qué opinión tienes sobre el volumen de tareas, proyectos y evaluaciones académicas que recibes?","Me parece que aveces los profesores se pasan con la cantidad de tareas y que quieren hacer mas de 2 examenes en un dia, eso no me parece bien.",29,placentero,1,0,bien,
texto_0687,marlon,estudiante_Marlon_027.txt,1,¿Cómo te sientes respecto al tiempo que pasas en la escuela y el tiempo libre que te queda en casa?,el tiempo que paso en el colegio me ciento bien normal. el tiempo que paso en mi casa habeces es un infierno.,22,placentero,1,0,bien,
texto_0688,marlon,estudiante_Marlon_027.txt,2,"¿Qué opinión tienes sobre el volumen de tareas, proyectos y evaluaciones académicas que recibes?",Que opino respecto al bolumen de tareas me siento agobiada y estresada aunque muchas beces no hago las tareas.,19,desagradable,0,2,,"agobiada, estresada"
texto_0689,marlon,estudiante_Marlon_028.txt,1,¿Cómo te sientes respecto al tiempo que pasas en la escuela y el tiempo libre que te queda en casa?,"en el tiempo que paso en la escuela me siento feliz, me siento diferente. en el tiempo que paso en mi casa me siento normal.",25,placentero,1,0,feliz,
texto_0691,marlon,estudiante_Marlon_029.txt,1,¿Cómo te sientes respecto al tiempo que pasas en la escuela y el tiempo libre que te queda en casa?,"pues bien, siento que se suficiente.",6,placentero,1,0,bien,
texto_0692,marlon,estudiante_Marlon_029.txt,2,"¿Qué opinión tienes sobre el volumen de tareas, proyectos y evaluaciones académicas que recibes?","Normal, siento que no dejan muchas.",6,desagradable,0,2,,no dejan
texto_0694,marlon,estudiante_Marlon_030.txt,2,"¿Qué opinión tienes sobre el volumen de tareas, proyectos y evaluaciones académicas que recibes?",A veces por montones pero yo digo que es necesario para mejorar y aprender cosas en diferentes aspectos.,18,placentero,2,0,"necesario, aprender",
texto_0695,marlon,estudiante_Marlon_031.txt,1,¿Cómo te sientes respecto al tiempo que pasas en la escuela y el tiempo libre que te queda en casa?,Me siento bien y comodo porque luego de salir del colegio me queda tiempo libre para divertirme.,17,placentero,2,0,"bien, comodo",
texto_0698,marlon,estudiante_Marlon_032.txt,2,"¿Qué opinión tienes sobre el volumen de tareas, proyectos y evaluaciones académicas que recibes?","Mi opinion en mi volumen de tareas y evaluaciones, es de un medio 50% a 50%,equilibrada",16,placentero,1,0,equilibrada,
texto_0699,marlon,estudiante_Marlon_033.txt,1,¿Cómo te sientes respecto al tiempo que pasas en la escuela y el tiempo libre que te queda en casa?,La verdad respecto al tiempo en la escuela bien ya que venimos a estudiar y el tiempo libre tambien.,19,placentero,1,0,bien,
texto_0700,marlon,estudiante_Marlon_033.txt,2,"¿Qué opinión tienes sobre el volumen de tareas, proyectos y evaluaciones académicas que recibes?","Sobre el volumen de tareas breves, porque aprendemos como hacerlas y comprender mejor. y las evaluaciones para saber si aprendimos, lo dado en el periodo, me parece bien.",28,placentero,1,0,bien,
texto_0701,marlon,estudiante_Marlon_034.txt,1,¿Cómo te sientes respecto al tiempo que pasas en la escuela y el tiempo libre que te queda en casa?,"Bien yo que aprendo muchas cosas y puedo compartir con mis amigos, y en mi casa bien porque paso tiempo con mis seres queridos y hago mis actividades muy dinamicos.",30,placentero,3,0,"bien, aprendo, bien",
texto_0702,marlon,estudiante_Marlon_034.txt,2,"¿Qué opinión tienes sobre el volumen de tareas, proyectos y evaluaciones académicas que recibes?",esta bien el volumen de tareas ya que mejora mis capasidades academicas tanto disiplinareas en las evaluaciones ya que me ayudan tambien a impulsarme a superarme a mi mismo con una buena nota.,33,placentero,2,0,"bien, buena",
texto_0703,marlon,estudiante_Marlon_035.txt,1,¿Cómo te sientes respecto al tiempo que pasas en la escuela y el tiempo libre que te queda en casa?,"Bien, paso mas tiempo en la escuela y poco en la casa pero se que va a ser necesario para salir adelante.",22,mixto,2,1,"bien, necesario",poco
texto_0704,marlon,estudiante_Marlon_035.txt,2,"¿Qué opinión tienes sobre el volumen de tareas, proyectos y evaluaciones académicas que recibes?","No tan mal, ya que por ahora no he tenido problemas con la entrega de tareas, actividades o evaluaciones.",19,desagradable,0,2,,"mal, problemas"
texto_0705,menco,menco_pregunta1_respuesta001.txt,1,¿Cómo te sientes respecto al tiempo que pasas en la escuela y el tiempo libre que te queda en casa?,"Me siento cansado, porque paso muchas horas en el colegio y llego a casa sin energía para hacer nada más.",20,desagradable,0,1,,cansado
texto_0706,menco,menco_pregunta1_respuesta002.txt,1,¿Cómo te sientes respecto al tiempo que pasas en la escuela y el tiempo libre que te queda en casa?,"Siento que no me alcanza el tiempo para descansar bien, porque entre tareas y estudio se va todo el día.",20,mixto,1,2,bien,no me alcanza
texto_0707,menco,menco_pregunta1_respuesta003.txt,1,¿Cómo te sientes respecto al tiempo que pasas en la escuela y el tiempo libre que te queda en casa?,"Me gusta la escuela, pero a veces siento que no me queda tiempo para estar con mi familia o para jugar.",21,mixto,2,2,"gusta, jugar",no me queda
texto_0708,menco,menco_pregunta1_respuesta004.txt,1,¿Cómo te sientes respecto al tiempo que pasas en la escuela y el tiempo libre que te queda en casa?,"Estoy estresado, porque entre el colegio y las actividades extracurriculares no tengo tiempo libre casi nunca.",16,desagradable,0,5,,"no tengo, casi nunca, estresado"
texto_0709,menco,menco_pregunta1_respuesta005.txt,1,¿Cómo te sientes respecto al tiempo que pasas en la escuela y el tiempo libre que te queda en casa?,"Me siento bien, porque organizo mi tiempo y puedo hacer lo que me gusta después de clases.",17,placentero,3,0,"bien, organizo, gusta",
texto_0710,menco,menco_pregunta1_respuesta006.txt,1,¿Cómo te sientes respecto al tiempo que pasas en la escuela y el tiempo libre que te queda en casa?,Creo que paso mucho tiempo en el colegio y cuando llego a casa solo quiero dormir.,16,desagradable,0,2,,solo quiero dormir
texto_0711,menco,menco_pregunta1_respuesta007.txt,1,¿Cómo te sientes respecto al tiempo que pasas en la escuela y el tiempo libre que te queda en casa?,"Siento que el tiempo libre es muy poco, y eso me genera ansiedad porque no puedo hacer mis hobbies.",19,desagradable,0,4,,"no puedo, poco, ansiedad"
texto_0712,menco,menco_pregunta1_respuesta008.txt,1,¿Cómo te sientes respecto al tiempo que pasas en la escuela y el tiempo libre que te queda en casa?,"Me gusta la escuela, pero a veces siento que no tengo vida personal.",13,mixto,1,2,gusta,no tengo
texto_0713,menco,menco_pregunta1_respuesta009.txt,1,¿Cómo te sientes respecto al tiempo que pasas en la escuela y el tiempo libre que te queda en casa?,"Siento que es mucho tiempo sentado escuchando, y cuando llego a casa quiero desconectarme.",14,desagradable,0,2,,quiero desconectarme
texto_0714,menco,menco_pregunta1_respuesta010.txt,1,¿Cómo te sientes respecto al tiempo que pasas en la escuela y el tiempo libre que te queda en casa?,"Me parece bien, porque en el colegio aprendo y en casa puedo descansar un rato antes de hacer tareas.",19,placentero,2,0,"bien, aprendo",
texto_0715,menco,menco_pregunta1_respuesta011.txt,1,¿Cómo te sientes respecto al tiempo que pasas en la escuela y el tiempo libre que te queda en casa?,A veces siento que el colegio me quita tiempo para estar con mis amigos del barrio.,16,desagradable,0,1,,quita
texto_0716,menco,menco_pregunta1_respuesta012.txt,1,¿Cómo te sientes respecto al tiempo que pasas en la escuela y el tiempo libre que te queda en casa?,"Me siento agobiado, porque no tengo tiempo para mí mismo.",10,desagradable,0,3,,"no tengo, agobiado"
texto_0717,menco,menco_pregunta1_respuesta013.txt,1,¿Cómo te sientes respecto al tiempo que pasas en la escuela y el tiempo libre que te queda en casa?,"La escuela es importante, pero también necesito tiempo para jugar y ser niño.",13,mixto,2,1,"importante, jugar",necesito
texto_0718,menco,menco_pregunta1_respuesta014.txt,1,¿Cómo te sientes respecto al tiempo que pasas en la escuela y el tiempo libre que te queda en casa?,"Siento que el tiempo libre es escaso y cuando lo tengo, solo quiero dormir o ver redes sociales.",18,desagradable,0,3,,"solo quiero dormir, escaso"
texto_0719,menco,menco_pregunta1_respuesta015.txt,1,¿Cómo te sientes respecto al tiempo que pasas en la escuela y el tiempo libre que te queda en casa?,"Me gusta la escuela, pero a veces siento que es demasiado tiempo sin poder hacer lo que me gusta.",19,mixto,2,1,"gusta, gusta",demasiado
texto_0720,menco,menco_pregunta1_respuesta016.txt,1,¿Cómo te sientes respecto al tiempo que pasas en la escuela y el tiempo libre que te queda en casa?,"Estoy feliz con mi tiempo en la escuela, porque aprendo cosas nuevas, pero quisiera más tiempo en casa.",18,mixto,2,2,"feliz, aprendo",quisiera
texto_0721,menco,menco_pregunta1_respuesta017.txt,1,¿Cómo te sientes respecto al tiempo que pasas en la escuela y el tiempo libre que te queda en casa?,Siento que no me alcanza el tiempo para hacer todas las tareas y también descansar bien.,16,mixto,1,2,bien,no me alcanza
texto_0722,menco,menco_pregunta1_respuesta018.txt,1,¿Cómo te sientes respecto al tiempo que pasas en la escuela y el tiempo libre que te queda en casa?,Creo que el horario escolar es muy extenso y no deja espacio para otras actividades importantes.,16,mixto,1,2,importantes,no deja
texto_0723,menco,menco_pregunta1_respuesta019.txt,1,¿Cómo te sientes respecto al tiempo que pasas en la escuela y el tiempo libre que te queda en casa?,Siento que el colegio consume casi todo mi día y me queda muy poco tiempo para compartir con mi familia.,20,desagradable,0,2,,"consume, poco"
texto_0724,menco,menco_pregunta1_respuesta020.txt,1,¿Cómo te sientes respecto al tiempo que pasas en la escuela y el tiempo libre que te queda en casa?,"Me parece que el tiempo en la escuela es bueno, pero el tiempo libre debería ser un poco más.",19,mixto,1,3,bueno,"debería ser, poco"
texto_0725,menco,menco_pregunta1_respuesta021.txt,1,¿Cómo te sientes respecto al tiempo que pasas en la escuela y el tiempo libre que te queda en casa?,Siento que estoy todo el día haciendo cosas del colegio y eso me cansa mucho.,15,desagradable,0,1,,cansa
texto_0726,menco,menco_pregunta1_respuesta022.txt,1,¿Cómo te sientes respecto al tiempo que pasas en la escuela y el tiempo libre que te queda en casa?,Me gustaría tener más tiempo libre para practicar deportes o aprender algo que me guste.,15,mixto,1,2,aprender,me gustaría
texto_0727,menco,menco_pregunta1_respuesta023.txt,1,¿Cómo te sientes respecto al tiempo que pasas en la escuela y el tiempo libre que te queda en casa?,"Creo que el colegio es necesario, pero el tiempo libre es muy valioso y no sobra.",16,mixto,1,2,necesario,no sobra
texto_0728,menco,menco_pregunta1_respuesta024.txt,1,¿Cómo te sientes respecto al tiempo que pasas en la escuela y el tiempo libre que te queda en casa?,Me siento equilibrado: en la escuela aprendo y en casa tengo tiempo para descansar y jugar.,16,placentero,3,0,"equilibrado, aprendo, jugar",
texto_0729,menco,menco_pregunta1_respuesta025.txt,1,¿Cómo te sientes respecto al tiempo que pasas en la escuela y el tiempo libre que te queda en casa?,Siento que el tiempo libre es muy poco y eso me hace sentir presionado.,14,desagradable,0,2,,"poco, presionado"
texto_0730,menco,menco_pregunta1_respuesta026.txt,1,¿Cómo te sientes respecto al tiempo que pasas en la escuela y el tiempo libre que te queda en casa?,"Me gusta la escuela, pero a veces necesito desconectar y no puedo porque hay muchas tareas.",16,mixto,1,3,gusta,"no puedo, necesito"
texto_0731,menco,menco_pregunta1_respuesta027.txt,1,¿Cómo te sientes respecto al tiempo que pasas en la escuela y el tiempo libre que te queda en casa?,"Siento que el tiempo en el colegio es suficiente, pero el tiempo libre nunca alcanza para todo.",17,desagradable,0,2,,nunca alcanza
texto_0732,menco,menco_pregunta1_respuesta028.txt,1,¿Cómo te sientes respecto al tiempo que pasas en la escuela y el tiempo libre que te queda en casa?,Me siento bien porque mis padres me ayudan a organizar mi tiempo entre estudio y descanso.,16,placentero,1,0,bien,
texto_0733,menco,menco_pregunta1_respuesta029.txt,1,¿Cómo te sientes respecto al tiempo que pasas en la escuela y el tiempo libre que te queda en casa?,A veces siento que la escuela me quita la energía y no me queda nada para hacer en casa.,19,desagradable,0,3,,"no me queda, quita"
texto_0734,menco,menco_pregunta1_respuesta030.txt,1,¿Cómo te sientes respecto al tiempo que pasas en la escuela y el tiempo libre que te queda en casa?,Me gustaría que hubiera menos horas de clase y más tiempo para hacer actividades recreativas.,15,desagradable,0,2,,me gustaría
texto_0735,menco,menco_pregunta1_respuesta031.txt,1,¿Cómo te sientes respecto al tiempo que pasas en la escuela y el tiempo libre que te queda en casa?,Siento que el tiempo libre es un lujo que casi no tengo.,12,desagradable,0,5,,"no tengo, casi no tengo, lujo"
texto_0736,menco,menco_pregunta1_respuesta032.txt,1,¿Cómo te sientes respecto al tiempo que pasas en la escuela y el tiempo libre que te queda en casa?,"El colegio es bueno, pero a veces siento que me absorbe y no me deja ser yo mismo.",18,mixto,1,3,bueno,"no me deja, absorbe"
texto_0737,menco,menco_pregunta1_respuesta033.txt,1,¿Cómo te sientes respecto al tiempo que pasas en la escuela y el tiempo libre que te queda en casa?,"Me siento tranquilo, porque sé que el colegio es importante, pero también cuido mi descanso.",15,placentero,2,0,"tranquilo, importante",
texto_0738,menco,menco_pregunta1_respuesta034.txt,1,¿Cómo te sientes respecto al tiempo que pasas en la escuela y el tiempo libre que te queda en casa?,Creo que el tiempo libre es fundamental y no debería ser tan reducido.,13,mixto,1,3,fundamental,"debería ser, reducido"
texto_0739,menco,menco_pregunta1_respuesta035.txt,1,¿Cómo te sientes respecto al tiempo que pasas en la escuela y el tiempo libre que te queda en casa?,"Me siento feliz cuando salgo del colegio y puedo hacer lo que me gusta, aunque sea poco tiempo.",18,mixto,2,1,"feliz, gusta",poco
texto_0740,menco,menco_pregunta1_respuesta036.txt,1,¿Cómo te sientes respecto al tiempo que pasas en la escuela y el tiempo libre que te queda en casa?,"Siento que no tengo tiempo para leer por gusto, porque todo es lectura obligatoria.",14,mixto,1,2,gusto,no tengo
texto_0741,menco,menco_pregunta1_respuesta037.txt,1,¿Cómo te sientes respecto al tiempo que pasas en la escuela y el tiempo libre que te queda en casa?,"Me gusta la escuela, pero a veces siento que es demasiado tiempo y me cansa mentalmente.",16,mixto,1,2,gusta,"demasiado, cansa"
texto_0742,menco,menco_pregunta1_respuesta038.txt,1,¿Cómo te sientes respecto al tiempo que pasas en la escuela y el tiempo libre que te queda en casa?,Siento que el tiempo en casa debería ser más para estar con la familia y no solo para hacer tareas.,20,desagradable,0,2,,debería ser
texto_0743,menco,menco_pregunta1_respuesta039.txt,1,¿Cómo te sientes respecto al tiempo que pasas en la escuela y el tiempo libre que te queda en casa?,"Me siento bien con mi tiempo en la escuela, pero quisiera tener más tiempo libre para descansar.",17,mixto,1,2,bien,quisiera
texto_0744,menco,menco_pregunta1_respuesta040.txt,1,¿Cómo te sientes respecto al tiempo que pasas en la escuela y el tiempo libre que te queda en casa?,"Creo que el colegio es importante, pero también necesito tiempo para pensar y estar en silencio.",16,mixto,1,1,importante,necesito
texto_0745,menco,menco_pregunta1_respuesta041.txt,1,¿Cómo te sientes respecto al tiempo que pasas en la escuela y el tiempo libre que te queda en casa?,Siento que no tengo tiempo para mis pasatiempos porque el colegio ocupa casi todo mi día.,16,desagradable,0,2,,no tengo
texto_0746,menco,menco_pregunta1_respuesta042.txt,1,¿Cómo te sientes respecto al tiempo que pasas en la escuela y el tiempo libre que te queda en casa?,"Me gusta la escuela, pero el tiempo libre es muy poco y eso me frustra un poco.",17,mixto,1,3,gusta,"poco, frustra, poco"
texto_0747,menco,menco_pregunta1_respuesta043.txt,1,¿Cómo te sientes respecto al tiempo que pasas en la escuela y el tiempo libre que te queda en casa?,"Siento que el tiempo en la escuela es necesario, pero el tiempo libre es muy corto.",16,mixto,1,1,necesario,corto
texto_0748,menco,menco_pregunta1_respuesta044.txt,1,¿Cómo te sientes respecto al tiempo que pasas en la escuela y el tiempo libre que te queda en casa?,"Me siento cansado, pero sé que el colegio es una oportunidad para aprender y salir adelante.",16,mixto,1,1,aprender,cansado
texto_0749,menco,menco_pregunta1_respuesta045.txt,1,¿Cómo te sientes respecto al tiempo que pasas en la escuela y el tiempo libre que te queda en casa?,Creo que debería haber más espacios de descanso dentro del mismo horario escolar.,13,desagradable,0,2,,debería haber
texto_0750,menco,menco_pregunta1_respuesta046.txt,1,¿Cómo te sientes respecto al tiempo que pasas en la escuela y el tiempo libre que te queda en casa?,Siento que no tengo tiempo para compartir con mis hermanos porque siempre estoy estudiando.,14,desagradable,0,2,,no tengo
texto_0751,menco,menco_pregunta1_respuesta047.txt,1,¿Cómo te sientes respecto al tiempo que pasas en la escuela y el tiempo libre que te queda en casa?,"Me gusta la escuela, pero a veces siento que me roba el tiempo para ser feliz en casa.",18,mixto,2,1,"gusta, feliz",roba
texto_0752,menco,menco_pregunta1_respuesta048.txt,1,¿Cómo te sientes respecto al tiempo que pasas en la escuela y el tiempo libre que te queda en casa?,Siento que el tiempo libre es para relajarme y no puedo porque siempre hay algo que hacer del colegio.,19,desagradable,0,2,,no puedo
texto_0753,menco,menco_pregunta1_respuesta049.txt,1,¿Cómo te sientes respecto al tiempo que pasas en la escuela y el tiempo libre que te queda en casa?,Siento que el colegio ocupa mucho tiempo y me queda muy poco para estar con mis mascotas.,17,desagradable,0,1,,poco
texto_0754,menco,menco_pregunta1_respuesta050.txt,1,¿Cómo te sientes respecto al tiempo que pasas en la escuela y el tiempo libre que te queda en casa?,"Me gusta la escuela, pero a veces desearía tener más tiempo para jugar al aire libre.",16,mixto,2,2,"gusta, jugar",desearía
texto_0755,menco,menco_pregunta1_respuesta051.txt,1,¿Cómo te sientes respecto al tiempo que pasas en la escuela y el tiempo libre que te queda en casa?,"Creo que el tiempo en el colegio está bien, pero el tiempo libre es muy valioso y casi no lo tengo.",21,mixto,1,2,bien,casi no lo
texto_0756,menco,menco_pregunta1_respuesta052.txt,1,¿Cómo te sientes respecto al tiempo que pasas en la escuela y el tiempo libre que te queda en casa?,"Siento que estoy siempre apurado, entre el colegio, las tareas y el descanso.",13,desagradable,0,1,,apurado
texto_0757,menco,menco_pregunta1_respuesta053.txt,1,¿Cómo te sientes respecto al tiempo que pasas en la escuela y el tiempo libre que te queda en casa?,Me gustaría que hubiera más tiempo para hacer deporte después de clases.,12,desagradable,0,2,,me gustaría
texto_0758,menco,menco_pregunta1_respuesta054.txt,1,¿Cómo te sientes respecto al tiempo que pasas en la escuela y el tiempo libre que te queda en casa?,"El colegio es importante, pero también necesito tiempo para estar solo y pensar.",13,mixto,1,1,importante,necesito
texto_0759,menco,menco_pregunta1_respuesta055.txt,1,¿Cómo te sientes respecto al tiempo que pasas en la escuela y el tiempo libre que te queda en casa?,Siento que el tiempo libre es muy poco y eso me hace sentir atrapado.,14,desagradable,0,2,,"poco, atrapado"
texto_0760,menco,menco_pregunta1_respuesta056.txt,1,¿Cómo te sientes respecto al tiempo que pasas en la escuela y el tiempo libre que te queda en casa?,"Me gusta la escuela, pero a veces siento que me falta tiempo para hacer lo que me gusta.",18,placentero,2,0,"gusta, gusta",
texto_0761,menco,menco_pregunta1_respuesta057.txt,1,¿Cómo te sientes respecto al tiempo que pasas en la escuela y el tiempo libre que te queda en casa?,"Creo que el tiempo en la escuela es necesario, pero el tiempo libre es demasiado corto.",16,mixto,1,2,necesario,"demasiado, corto"
texto_0762,menco,menco_pregunta1_respuesta058.txt,1,¿Cómo te sientes respecto al tiempo que pasas en la escuela y el tiempo libre que te queda en casa?,Siento que no tengo tiempo para mis amigos fuera del colegio porque siempre estoy ocupado.,15,desagradable,0,2,,no tengo
texto_0763,menco,menco_pregunta1_respuesta059.txt,1,¿Cómo te sientes respecto al tiempo que pasas en la escuela y el tiempo libre que te queda en casa?,Me gustaría que el colegio terminara más temprano para tener más tiempo en casa.,14,desagradable,0,2,,me gustaría
texto_0764,menco,menco_pregunta1_respuesta060.txt,1,¿Cómo te sientes respecto al tiempo que pasas en la escuela y el tiempo libre que te queda en casa?,Siento que el tiempo libre es un premio que casi nunca alcanzo.,12,desagradable,0,5,,"nunca alcanzo, casi nunca alcanzo, premio"
texto_0765,menco,menco_pregunta1_respuesta061.txt,1,¿Cómo te sientes respecto al tiempo que pasas en la escuela y el tiempo libre que te queda en casa?,"El colegio me cansa, pero sé que es importante, aunque extraño tener más tiempo libre.",15,mixto,1,2,importante,"cansa, extraño"
texto_0766,menco,menco_pregunta1_respuesta062.txt,1,¿Cómo te sientes respecto al tiempo que pasas en la escuela y el tiempo libre que te queda en casa?,"Creo que el tiempo en la escuela es bueno, pero a veces siento que es demasiado.",16,mixto,1,1,bueno,demasiado
texto_0767,menco,menco_pregunta1_respuesta063.txt,1,¿Cómo te sientes respecto al tiempo que pasas en la escuela y el tiempo libre que te queda en casa?,"Siento que el tiempo libre es escaso y cuando lo tengo, solo quiero descansar.",14,desagradable,0,1,,escaso
texto_0768,menco,menco_pregunta1_respuesta064.txt,1,¿Cómo te sientes respecto al tiempo que pasas en la escuela y el tiempo libre que te queda en casa?,"Me gusta la escuela, pero el tiempo libre es muy importante para mi bienestar.",14,placentero,2,0,"gusta, importante",
texto_0769,menco,menco_pregunta1_respuesta065.txt,1,¿Cómo te sientes respecto al tiempo que pasas en la escuela y el tiempo libre que te queda en casa?,Siento que el tiempo en el colegio es largo y el tiempo en casa es corto.,16,desagradable,0,2,,"largo, corto"
texto_0770,menco,menco_pregunta1_respuesta066.txt,1,¿Cómo te sientes respecto al tiempo que pasas en la escuela y el tiempo libre que te queda en casa?,"Creo que el tiempo libre debería ser un derecho, no un lujo.",12,desagradable,0,3,,"debería ser, lujo"
texto_0771,menco,menco_pregunta1_respuesta067.txt,1,¿Cómo te sientes respecto al tiempo que pasas en la escuela y el tiempo libre que te queda en casa?,Me siento agotado porque el colegio me quita mucha energía y no me queda tiempo para nada más.,18,desagradable,0,4,,"no me queda, agotado, quita"
texto_0772,menco,menco_pregunta1_respuesta068.txt,1,¿Cómo te sientes respecto al tiempo que pasas en la escuela y el tiempo libre que te queda en casa?,Siento que no tengo tiempo para leer o hacer cosas que me gustan porque el colegio lo consume todo.,19,desagradable,0,3,,"no tengo, consume"
texto_0773,menco,menco_pregunta1_respuesta069.txt,1,¿Cómo te sientes respecto al tiempo que pasas en la escuela y el tiempo libre que te queda en casa?,"Me gusta la escuela, pero a veces siento que me falta tiempo para ser niño.",15,placentero,1,0,gusta,
texto_0774,menco,menco_pregunta1_respuesta070.txt,1,¿Cómo te sientes respecto al tiempo que pasas en la escuela y el tiempo libre que te queda en casa?,Siento que el tiempo libre es poco y eso me genera frustración.,12,desagradable,0,2,,"poco, frustración"
texto_0775,menco,menco_pregunta1_respuesta071.txt,1,¿Cómo te sientes respecto al tiempo que pasas en la escuela y el tiempo libre que te queda en casa?,"Creo que el colegio es importante, pero el tiempo en casa también debería ser más amplio.",16,mixto,1,2,importante,debería ser
texto_0776,menco,menco_pregunta1_respuesta072.txt,1,¿Cómo te sientes respecto al tiempo que pasas en la escuela y el tiempo libre que te queda en casa?,Me siento bien cuando salgo del colegio y puedo descansar un rato antes de hacer tareas.,16,placentero,1,0,bien,
texto_0777,menco,menco_pregunta1_respuesta073.txt,1,¿Cómo te sientes respecto al tiempo que pasas en la escuela y el tiempo libre que te queda en casa?,Siento que no tengo tiempo para ver a mis abuelos porque siempre estoy estudiando.,14,desagradable,0,2,,no tengo
texto_0778,menco,menco_pregunta1_respuesta074.txt,1,¿Cómo te sientes respecto al tiempo que pasas en la escuela y el tiempo libre que te queda en casa?,"Me gustaría tener más tiempo para hacer manualidades o arte, pero el colegio no me deja.",16,desagradable,0,4,,"no me deja, me gustaría"
texto_0779,menco,menco_pregunta1_respuesta075.txt,1,¿Cómo te sientes respecto al tiempo que pasas en la escuela y el tiempo libre que te queda en casa?,Siento que el tiempo libre es muy valioso y casi no lo tengo.,13,desagradable,0,2,,casi no lo
texto_0780,menco,menco_pregunta1_respuesta076.txt,1,¿Cómo te sientes respecto al tiempo que pasas en la escuela y el tiempo libre que te queda en casa?,"Creo que el tiempo en la escuela es necesario, pero el tiempo libre es fundamental.",15,placentero,2,0,"necesario, fundamental",
texto_0781,menco,menco_pregunta1_respuesta077.txt,1,¿Cómo te sientes respecto al tiempo que pasas en la escuela y el tiempo libre que te queda en casa?,Siento que el tiempo en el colegio es demasiado rígido y no me permite ser creativo.,16,desagradable,0,4,,"no me permite, demasiado, rígido"
texto_0782,menco,menco_pregunta1_respuesta078.txt,1,¿Cómo te sientes respecto al tiempo que pasas en la escuela y el tiempo libre que te queda en casa?,"Me gusta la escuela, pero a veces siento que el tiempo libre es muy corto.",15,mixto,1,1,gusta,corto
texto_0783,menco,menco_pregunta1_respuesta079.txt,1,¿Cómo te sientes respecto al tiempo que pasas en la escuela y el tiempo libre que te queda en casa?,Siento que el tiempo libre es un espacio que casi no existe en mi vida.,15,desagradable,0,4,,"no existe, casi no existe"
texto_0784,menco,menco_pregunta1_respuesta080.txt,1,¿Cómo te sientes respecto al tiempo que pasas en la escuela y el tiempo libre que te queda en casa?,Creo que el colegio debería ser más flexible con los horarios para tener más tiempo en casa.,17,desagradable,0,2,,debería ser
texto_0785,menco,menco_pregunta1_respuesta081.txt,1,¿Cómo te sientes respecto al tiempo que pasas en la escuela y el tiempo libre que te queda en casa?,Siento que el tiempo libre es escaso y eso me hace valorar más cada momento.,15,desagradable,0,1,,escaso
texto_0786,menco,menco_pregunta1_respuesta082.txt,1,¿Cómo te sientes respecto al tiempo que pasas en la escuela y el tiempo libre que te queda en casa?,"Me gusta la escuela, pero el tiempo libre es necesario para recargar energías.",13,placentero,2,0,"gusta, necesario",
texto_0787,menco,menco_pregunta1_respuesta083.txt,1,¿Cómo te sientes respecto al tiempo que pasas en la escuela y el tiempo libre que te queda en casa?,Siento que el tiempo en el colegio es largo y el tiempo en casa es muy corto.,17,desagradable,0,2,,"largo, corto"
texto_0788,menco,menco_pregunta1_respuesta084.txt,1,¿Cómo te sientes respecto al tiempo que pasas en la escuela y el tiempo libre que te queda en casa?,Creo que el tiempo libre debería ser más valorado por la escuela.,12,desagradable,0,2,,debería ser
texto_0789,menco,menco_pregunta1_respuesta085.txt,1,¿Cómo te sientes respecto al tiempo que pasas en la escuela y el tiempo libre que te queda en casa?,Siento que el tiempo libre es poco y eso me hace sentir atrapado.,13,desagradable,0,2,,"poco, atrapado"
texto_0790,menco,menco_pregunta1_respuesta086.txt,1,¿Cómo te sientes respecto al tiempo que pasas en la escuela y el tiempo libre que te queda en casa?,"Me gusta la escuela, pero a veces siento que me falta tiempo para hacer lo que me gusta.",18,placentero,2,0,"gusta, gusta",
texto_0791,menco,menco_pregunta1_respuesta087.txt,1,¿Cómo te sientes respecto al tiempo que pasas en la escuela y el tiempo libre que te queda en casa?,"Siento que el tiempo libre es escaso y cuando lo tengo, solo quiero descansar.",14,desagradable,0,1,,escaso
texto_0792,menco,menco_pregunta1_respuesta088.txt,1,¿Cómo te sientes respecto al tiempo que pasas en la escuela y el tiempo libre que te queda en casa?,"Creo que el tiempo en la escuela es necesario, pero el tiempo libre es demasiado corto.",16,mixto,1,2,necesario,"demasiado, corto"
texto_0793,menco,menco_pregunta1_respuesta089.txt,1,¿Cómo te sientes respecto al tiempo que pasas en la escuela y el tiempo libre que te queda en casa?,Siento que el tiempo libre es muy poco y eso me genera ansiedad.,13,desagradable,0,2,,"poco, ansiedad"
texto_0794,menco,menco_pregunta1_respuesta090.txt,1,¿Cómo te sientes respecto al tiempo que pasas en la escuela y el tiempo libre que te queda en casa?,"Me gusta la escuela, pero a veces siento que me falta tiempo para estar con mi familia.",17,placentero,1,0,gusta,
texto_0795,menco,menco_pregunta1_respuesta091.txt,1,¿Cómo te sientes respecto al tiempo que pasas en la escuela y el tiempo libre que te queda en casa?,Siento que el tiempo libre es un lujo que casi no tengo.,12,desagradable,0,5,,"no tengo, casi no tengo, lujo"
texto_0797,menco,menco_pregunta1_respuesta093.txt,1,¿Cómo te sientes respecto al tiempo que pasas en la escuela y el tiempo libre que te queda en casa?,Siento que el tiempo libre es escaso y eso me hace sentir cansado.,13,desagradable,0,2,,"escaso, cansado"
texto_0798,menco,menco_pregunta1_respuesta094.txt,1,¿Cómo te sientes respecto al tiempo que pasas en la escuela y el tiempo libre que te queda en casa?,"Me gusta la escuela, pero a veces siento que el tiempo libre es muy corto.",15,mixto,1,1,gusta,corto
texto_0799,menco,menco_pregunta1_respuesta095.txt,1,¿Cómo te sientes respecto al tiempo que pasas en la escuela y el tiempo libre que te queda en casa?,Siento que el tiempo libre es poco y eso me genera estrés.,12,desagradable,0,2,,"poco, estrés"
texto_0800,menco,menco_pregunta1_respuesta096.txt,1,¿Cómo te sientes respecto al tiempo que pasas en la escuela y el tiempo libre que te queda en casa?,"Creo que el tiempo en la escuela es necesario, pero el tiempo libre es fundamental.",15,placentero,2,0,"necesario, fundamental",
texto_0801,menco,menco_pregunta1_respuesta097.txt,1,¿Cómo te sientes respecto al tiempo que pasas en la escuela y el tiempo libre que te queda en casa?,"Siento que el tiempo libre es escaso y cuando lo tengo, solo quiero dormir.",14,desagradable,0,3,,"solo quiero dormir, escaso"
texto_0802,menco,menco_pregunta1_respuesta098.txt,1,¿Cómo te sientes respecto al tiempo que pasas en la escuela y el tiempo libre que te queda en casa?,"Me gusta la escuela, pero a veces siento que me falta tiempo para hacer lo que me gusta.",18,placentero,2,0,"gusta, gusta",
texto_0803,menco,menco_pregunta2_respuesta001.txt,2,"¿Qué opinión tienes sobre el volumen de tareas, proyectos y evaluaciones académicas que recibes?",Creo que hay demasiadas tareas y eso no me permite descansar bien.,12,mixto,1,3,bien,"no me permite, demasiadas"
texto_0804,menco,menco_pregunta2_respuesta002.txt,2,"¿Qué opinión tienes sobre el volumen de tareas, proyectos y evaluaciones académicas que recibes?",Siento que el volumen de tareas es excesivo y a veces no sé por dónde empezar.,16,desagradable,0,3,,"no sé por, excesivo"
texto_0805,menco,menco_pregunta2_respuesta003.txt,2,"¿Qué opinión tienes sobre el volumen de tareas, proyectos y evaluaciones académicas que recibes?",Me parece que hay muchas evaluaciones y eso me genera mucha presión.,12,desagradable,0,1,,presión
texto_0806,menco,menco_pregunta2_respuesta004.txt,2,"¿Qué opinión tienes sobre el volumen de tareas, proyectos y evaluaciones académicas que recibes?","Creo que las tareas son necesarias, pero deberían ser más significativas.",11,mixto,1,2,necesarias,deberían ser
texto_0807,menco,menco_pregunta2_respuesta005.txt,2,"¿Qué opinión tienes sobre el volumen de tareas, proyectos y evaluaciones académicas que recibes?",Siento que hay demasiados proyectos y eso me quita tiempo para otras cosas.,13,desagradable,0,2,,"demasiados, quita"
texto_0808,menco,menco_pregunta2_respuesta006.txt,2,"¿Qué opinión tienes sobre el volumen de tareas, proyectos y evaluaciones académicas que recibes?","Opino que el volumen de tareas es alto, pero con ayuda puedo cumplir.",13,mixto,1,1,cumplir,alto
texto_0809,menco,menco_pregunta2_respuesta007.txt,2,"¿Qué opinión tienes sobre el volumen de tareas, proyectos y evaluaciones académicas que recibes?",Me parece que hay muchas evaluaciones y a veces no son justas.,12,desagradable,0,2,,no son justas
texto_0810,menco,menco_pregunta2_respuesta008.txt,2,"¿Qué opinión tienes sobre el volumen de tareas, proyectos y evaluaciones académicas que recibes?",Creo que las tareas deberían ser más prácticas y menos teóricas.,11,desagradable,0,2,,deberían ser
texto_0811,menco,menco_pregunta2_respuesta009.txt,2,"¿Qué opinión tienes sobre el volumen de tareas, proyectos y evaluaciones académicas que recibes?",Siento que el volumen de tareas es excesivo y eso me genera mucho estrés.,14,desagradable,0,2,,"excesivo, estrés"
texto_0812,menco,menco_pregunta2_respuesta010.txt,2,"¿Qué opinión tienes sobre el volumen de tareas, proyectos y evaluaciones académicas que recibes?","Opino que el volumen de tareas es alto, pero entiendo que es para aprender.",14,mixto,1,1,aprender,alto
texto_0814,menco,menco_pregunta2_respuesta012.txt,2,"¿Qué opinión tienes sobre el volumen de tareas, proyectos y evaluaciones académicas que recibes?",Siento que hay muchas evaluaciones y eso me pone muy nervioso.,11,desagradable,0,1,,nervioso
texto_0815,menco,menco_pregunta2_respuesta013.txt,2,"¿Qué opinión tienes sobre el volumen de tareas, proyectos y evaluaciones académicas que recibes?","Creo que los proyectos son interesantes, pero hay demasiados al mismo tiempo.",12,mixto,1,1,interesantes,demasiados
texto_0816,menco,menco_pregunta2_respuesta014.txt,2,"¿Qué opinión tienes sobre el volumen de tareas, proyectos y evaluaciones académicas que recibes?",Opino que las tareas deberían ser más creativas y menos repetitivas.,11,desagradable,0,2,,deberían ser
texto_0817,menco,menco_pregunta2_respuesta015.txt,2,"¿Qué opinión tienes sobre el volumen de tareas, proyectos y evaluaciones académicas que recibes?","Me parece que el volumen de tareas es alto, pero con organización se puede manejar.",15,mixto,1,1,manejar,alto
texto_0818,menco,menco_pregunta2_respuesta016.txt,2,"¿Qué opinión tienes sobre el volumen de tareas, proyectos y evaluaciones académicas que recibes?",Siento que hay demasiadas tareas y algunas no aportan a mi aprendizaje.,12,desagradable,0,3,,"no aportan, demasiadas"
texto_0819,menco,menco_pregunta2_respuesta017.txt,2,"¿Qué opinión tienes sobre el volumen de tareas, proyectos y evaluaciones académicas que recibes?","Creo que las evaluaciones son necesarias, pero deberían ser menos frecuentes.",11,mixto,1,2,necesarias,deberían ser
texto_0820,menco,menco_pregunta2_respuesta018.txt,2,"¿Qué opinión tienes sobre el volumen de tareas, proyectos y evaluaciones académicas que recibes?","Opino que el volumen de tareas es razonable, pero el tiempo no alcanza.",13,desagradable,0,2,,no alcanza
texto_0821,menco,menco_pregunta2_respuesta019.txt,2,"¿Qué opinión tienes sobre el volumen de tareas, proyectos y evaluaciones académicas que recibes?",Me parece que hay muchas tareas y eso me quita tiempo para descansar.,13,desagradable,0,1,,quita
texto_0822,menco,menco_pregunta2_respuesta020.txt,2,"¿Qué opinión tienes sobre el volumen de tareas, proyectos y evaluaciones académicas que recibes?",Siento que el volumen de tareas es excesivo y eso me genera ansiedad.,13,desagradable,0,2,,"excesivo, ansiedad"
texto_0823,menco,menco_pregunta2_respuesta021.txt,2,"¿Qué opinión tienes sobre el volumen de tareas, proyectos y evaluaciones académicas que recibes?",Creo que las tareas deberían ser más claras y menos extensas.,11,desagradable,0,2,,deberían ser
texto_0824,menco,menco_pregunta2_respuesta022.txt,2,"¿Qué opinión tienes sobre el volumen de tareas, proyectos y evaluaciones académicas que recibes?","Opino que las evaluaciones son importantes, pero deberían ser más variadas.",11,mixto,1,2,importantes,deberían ser
texto_0825,menco,menco_pregunta2_respuesta023.txt,2,"¿Qué opinión tienes sobre el volumen de tareas, proyectos y evaluaciones académicas que recibes?","Me parece que el volumen de tareas es alto, pero entiendo que es necesario.",14,mixto,1,1,necesario,alto
texto_0826,menco,menco_pregunta2_respuesta024.txt,2,"¿Qué opinión tienes sobre el volumen de tareas, proyectos y evaluaciones académicas que recibes?",Siento que hay demasiadas tareas y eso me quita tiempo para compartir con mi familia.,15,desagradable,0,2,,"demasiadas, quita"
texto_0827,menco,menco_pregunta2_respuesta025.txt,2,"¿Qué opinión tienes sobre el volumen de tareas, proyectos y evaluaciones académicas que recibes?","Creo que los proyectos son necesarios, pero deberían ser menos frecuentes.",11,mixto,1,2,necesarios,deberían ser
texto_0828,menco,menco_pregunta2_respuesta026.txt,2,"¿Qué opinión tienes sobre el volumen de tareas, proyectos y evaluaciones académicas que recibes?","Opino que las evaluaciones son importantes, pero deberían ser más prácticas.",11,mixto,1,2,importantes,deberían ser
texto_0829,menco,menco_pregunta2_respuesta027.txt,2,"¿Qué opinión tienes sobre el volumen de tareas, proyectos y evaluaciones académicas que recibes?","Me parece que el volumen de tareas es alto, pero con ayuda puedo cumplir.",14,mixto,1,1,cumplir,alto
texto_0830,menco,menco_pregunta2_respuesta028.txt,2,"¿Qué opinión tienes sobre el volumen de tareas, proyectos y evaluaciones académicas que recibes?",Siento que hay muchas evaluaciones y eso me genera mucha presión.,11,desagradable,0,1,,presión
texto_0831,menco,menco_pregunta2_respuesta029.txt,2,"¿Qué opinión tienes sobre el volumen de tareas, proyectos y evaluaciones académicas que recibes?",Creo que las tareas deberían ser más cortas y más enfocadas.,11,desagradable,0,2,,deberían ser
texto_0832,menco,menco_pregunta2_respuesta030.txt,2,"¿Qué opinión tienes sobre el volumen de tareas, proyectos y evaluaciones académicas que recibes?",Opino que el volumen de tareas es excesivo y eso me quita tiempo para descansar.,15,desagradable,0,2,,"excesivo, quita"
texto_0833,menco,menco_pregunta2_respuesta031.txt,2,"¿Qué opinión tienes sobre el volumen de tareas, proyectos y evaluaciones académicas que recibes?","Me parece que las tareas son necesarias, pero deberían ser más variadas.",12,mixto,1,2,necesarias,deberían ser
texto_0834,menco,menco_pregunta2_respuesta032.txt,2,"¿Qué opinión tienes sobre el volumen de tareas, proyectos y evaluaciones académicas que recibes?",Siento que hay demasiados proyectos y eso me genera mucho estrés.,11,desagradable,0,2,,"demasiados, estrés"
texto_0835,menco,menco_pregunta2_respuesta033.txt,2,"¿Qué opinión tienes sobre el volumen de tareas, proyectos y evaluaciones académicas que recibes?","Creo que las evaluaciones son importantes, pero deberían ser menos frecuentes.",11,mixto,1,2,importantes,deberían ser
texto_0836,menco,menco_pregunta2_respuesta034.txt,2,"¿Qué opinión tienes sobre el volumen de tareas, proyectos y evaluaciones académicas que recibes?","Opino que el volumen de tareas es alto, pero con organización se puede manejar.",14,mixto,1,1,manejar,alto
texto_0837,menco,menco_pregunta2_respuesta035.txt,2,"¿Qué opinión tienes sobre el volumen de tareas, proyectos y evaluaciones académicas que recibes?",Me parece que hay demasiadas tareas y algunas no tienen sentido.,11,desagradable,0,3,,"no tienen sentido, demasiadas"
texto_0838,menco,menco_pregunta2_respuesta036.txt,2,"¿Qué opinión tienes sobre el volumen de tareas, proyectos y evaluaciones académicas que recibes?",Siento que el volumen de tareas es excesivo y eso me quita tiempo para descansar.,15,desagradable,0,2,,"excesivo, quita"
texto_0839,menco,menco_pregunta2_respuesta037.txt,2,"¿Qué opinión tienes sobre el volumen de tareas, proyectos y evaluaciones académicas que recibes?",Creo que las tareas deberían ser más prácticas y menos teóricas.,11,desagradable,0,2,,deberían ser
texto_0840,menco,menco_pregunta2_respuesta038.txt,2,"¿Qué opinión tienes sobre el volumen de tareas, proyectos y evaluaciones académicas que recibes?","Opino que las evaluaciones son necesarias, pero deberían ser más variadas.",11,mixto,1,2,necesarias,deberían ser
texto_0841,menco,menco_pregunta2_respuesta039.txt,2,"¿Qué opinión tienes sobre el volumen de tareas, proyectos y evaluaciones académicas que recibes?","Me parece que el volumen de tareas es alto, pero entiendo que es para aprender.",15,mixto,1,1,aprender,alto
texto_0842,menco,menco_pregunta2_respuesta040.txt,2,"¿Qué opinión tienes sobre el volumen de tareas, proyectos y evaluaciones académicas que recibes?",Siento que hay muchas evaluaciones y eso me genera mucha ansiedad.,11,desagradable,0,1,,ansiedad
texto_0843,menco,menco_pregunta2_respuesta041.txt,2,"¿Qué opinión tienes sobre el volumen de tareas, proyectos y evaluaciones académicas que recibes?","Creo que los proyectos son interesantes, pero hay demasiados al mismo tiempo.",12,mixto,1,1,interesantes,demasiados
texto_0844,menco,menco_pregunta2_respuesta042.txt,2,"¿Qué opinión tienes sobre el volumen de tareas, proyectos y evaluaciones académicas que recibes?","Opino que el volumen de tareas es razonable, pero a veces es muy pesado.",14,desagradable,0,1,,pesado
texto_0845,menco,menco_pregunta2_respuesta043.txt,2,"¿Qué opinión tienes sobre el volumen de tareas, proyectos y evaluaciones académicas que recibes?",Me parece que las tareas deberían ser más claras y menos extensas.,12,desagradable,0,2,,deberían ser
texto_0846,menco,menco_pregunta2_respuesta044.txt,2,"¿Qué opinión tienes sobre el volumen de tareas, proyectos y evaluaciones académicas que recibes?",Siento que hay demasiadas tareas y eso me quita tiempo para descansar.,12,desagradable,0,2,,"demasiadas, quita"
texto_0847,menco,menco_pregunta2_respuesta045.txt,2,"¿Qué opinión tienes sobre el volumen de tareas, proyectos y evaluaciones académicas que recibes?","Creo que las evaluaciones son importantes, pero deberían ser menos frecuentes.",11,mixto,1,2,importantes,deberían ser
texto_0848,menco,menco_pregunta2_respuesta046.txt,2,"¿Qué opinión tienes sobre el volumen de tareas, proyectos y evaluaciones académicas que recibes?","Opino que el volumen de tareas es alto, pero con ayuda puedo cumplir.",13,mixto,1,1,cumplir,alto
texto_0849,menco,menco_pregunta2_respuesta047.txt,2,"¿Qué opinión tienes sobre el volumen de tareas, proyectos y evaluaciones académicas que recibes?",Me parece que hay muchos proyectos y eso me genera mucha presión.,12,desagradable,0,1,,presión
texto_0850,menco,menco_pregunta2_respuesta048.txt,2,"¿Qué opinión tienes sobre el volumen de tareas, proyectos y evaluaciones académicas que recibes?",Siento que el volumen de tareas es excesivo y eso me quita tiempo para descansar.,15,desagradable,0,2,,"excesivo, quita"
texto_0851,menco,menco_pregunta2_respuesta049.txt,2,"¿Qué opinión tienes sobre el volumen de tareas, proyectos y evaluaciones académicas que recibes?",Creo que las tareas deberían ser más prácticas y menos teóricas.,11,desagradable,0,2,,deberían ser
texto_0852,menco,menco_pregunta2_respuesta050.txt,2,"¿Qué opinión tienes sobre el volumen de tareas, proyectos y evaluaciones académicas que recibes?","Opino que las evaluaciones son necesarias, pero deberían ser más variadas.",11,mixto,1,2,necesarias,deberían ser
texto_0853,menco,menco_pregunta2_respuesta051.txt,2,"¿Qué opinión tienes sobre el volumen de tareas, proyectos y evaluaciones académicas que recibes?","Creo que hay demasiadas tareas, y eso no me deja tiempo para descansar o hacer otras cosas.",17,desagradable,0,3,,"no me deja, demasiadas"
texto_0854,menco,menco_pregunta2_respuesta052.txt,2,"¿Qué opinión tienes sobre el volumen de tareas, proyectos y evaluaciones académicas que recibes?",Siento que el volumen de tareas es excesivo y a veces no alcanzo a hacerlas todas bien.,17,mixto,1,1,bien,excesivo
texto_0855,menco,menco_pregunta2_respuesta053.txt,2,"¿Qué opinión tienes sobre el volumen de tareas, proyectos y evaluaciones académicas que recibes?",Me parece que hay muchas evaluaciones y eso genera mucho estrés.,11,desagradable,0,1,,estrés
texto_0856,menco,menco_pregunta2_respuesta054.txt,2,"¿Qué opinión tienes sobre el volumen de tareas, proyectos y evaluaciones académicas que recibes?","Creo que las tareas son necesarias, pero deberían ser menos y más significativas.",13,mixto,1,2,necesarias,deberían ser
texto_0857,menco,menco_pregunta2_respuesta055.txt,2,"¿Qué opinión tienes sobre el volumen de tareas, proyectos y evaluaciones académicas que recibes?",Siento que hay demasiados proyectos que se acumulan y eso me agobia.,12,desagradable,0,2,,"demasiados, acumulan"
texto_0858,menco,menco_pregunta2_respuesta056.txt,2,"¿Qué opinión tienes sobre el volumen de tareas, proyectos y evaluaciones académicas que recibes?","Opino que el volumen de tareas es alto, pero si me organizo, puedo cumplir.",14,mixto,2,1,"organizo, cumplir",alto
texto_0859,menco,menco_pregunta2_respuesta057.txt,2,"¿Qué opinión tienes sobre el volumen de tareas, proyectos y evaluaciones académicas que recibes?",Creo que hay muchas evaluaciones y algunas no son necesarias.,10,desagradable,0,2,,no son necesarias
texto_0860,menco,menco_pregunta2_respuesta058.txt,2,"¿Qué opinión tienes sobre el volumen de tareas, proyectos y evaluaciones académicas que recibes?",Siento que el colegio nos sobrecarga de tareas y eso afecta mi salud mental.,14,desagradable,0,1,,sobrecarga
texto_0861,menco,menco_pregunta2_respuesta059.txt,2,"¿Qué opinión tienes sobre el volumen de tareas, proyectos y evaluaciones académicas que recibes?","Me parece que el volumen de tareas es excesivo, pero entiendo que es para aprender.",15,mixto,1,1,aprender,excesivo
texto_0862,menco,menco_pregunta2_respuesta060.txt,2,"¿Qué opinión tienes sobre el volumen de tareas, proyectos y evaluaciones académicas que recibes?",Creo que las tareas deberían ser más creativas y menos repetitivas.,11,desagradable,0,2,,deberían ser
texto_0863,menco,menco_pregunta2_respuesta061.txt,2,"¿Qué opinión tienes sobre el volumen de tareas, proyectos y evaluaciones académicas que recibes?",Siento que hay muchas evaluaciones y eso me genera mucha presión.,11,desagradable,0,1,,presión
texto_0864,menco,menco_pregunta2_respuesta062.txt,2,"¿Qué opinión tienes sobre el volumen de tareas, proyectos y evaluaciones académicas que recibes?","Opino que el volumen de tareas es alto, pero con disciplina se puede manejar.",14,mixto,1,1,manejar,alto
texto_0865,menco,menco_pregunta2_respuesta063.txt,2,"¿Qué opinión tienes sobre el volumen de tareas, proyectos y evaluaciones académicas que recibes?",Me parece que los proyectos son muchos y algunos no tienen sentido práctico.,13,desagradable,0,2,,no tienen sentido
texto_0866,menco,menco_pregunta2_respuesta064.txt,2,"¿Qué opinión tienes sobre el volumen de tareas, proyectos y evaluaciones académicas que recibes?",Siento que las tareas son demasiado extensas y no me queda tiempo para hacerlas todas.,15,desagradable,0,3,,"no me queda, demasiado"
texto_0867,menco,menco_pregunta2_respuesta065.txt,2,"¿Qué opinión tienes sobre el volumen de tareas, proyectos y evaluaciones académicas que recibes?",Creo que hay demasiadas tareas y eso no me permite disfrutar mi tiempo libre.,14,mixto,1,3,disfrutar,"no me permite, demasiadas"
texto_0868,menco,menco_pregunta2_respuesta066.txt,2,"¿Qué opinión tienes sobre el volumen de tareas, proyectos y evaluaciones académicas que recibes?","Opino que el volumen de tareas es razonable, pero el tiempo para hacerlas no es suficiente.",16,desagradable,0,2,,no es suficiente
texto_0869,menco,menco_pregunta2_respuesta067.txt,2,"¿Qué opinión tienes sobre el volumen de tareas, proyectos y evaluaciones académicas que recibes?",Siento que hay muchas evaluaciones y eso me pone muy nervioso.,11,desagradable,0,1,,nervioso
texto_0870,menco,menco_pregunta2_respuesta068.txt,2,"¿Qué opinión tienes sobre el volumen de tareas, proyectos y evaluaciones académicas que recibes?",Me parece que las tareas deberían ser más variadas y menos mecánicas.,12,desagradable,0,2,,deberían ser
texto_0871,menco,menco_pregunta2_respuesta069.txt,2,"¿Qué opinión tienes sobre el volumen de tareas, proyectos y evaluaciones académicas que recibes?","Creo que el volumen de tareas es alto, pero con ayuda de mis padres puedo cumplir.",16,mixto,1,1,cumplir,alto
texto_0872,menco,menco_pregunta2_respuesta070.txt,2,"¿Qué opinión tienes sobre el volumen de tareas, proyectos y evaluaciones académicas que recibes?","Siento que los proyectos son interesantes, pero hay demasiados al mismo tiempo.",12,mixto,1,1,interesantes,demasiados
texto_0873,menco,menco_pregunta2_respuesta071.txt,2,"¿Qué opinión tienes sobre el volumen de tareas, proyectos y evaluaciones académicas que recibes?","Opino que las evaluaciones son necesarias, pero deberían ser menos frecuentes.",11,mixto,1,2,necesarias,deberían ser
texto_0874,menco,menco_pregunta2_respuesta072.txt,2,"¿Qué opinión tienes sobre el volumen de tareas, proyectos y evaluaciones académicas que recibes?",Me parece que el volumen de tareas es excesivo y eso me quita tiempo para descansar.,16,desagradable,0,2,,"excesivo, quita"
texto_0875,menco,menco_pregunta2_respuesta073.txt,2,"¿Qué opinión tienes sobre el volumen de tareas, proyectos y evaluaciones académicas que recibes?",Siento que hay demasiadas tareas y algunas no aportan a mi aprendizaje.,12,desagradable,0,3,,"no aportan, demasiadas"
texto_0877,menco,menco_pregunta2_respuesta075.txt,2,"¿Qué opinión tienes sobre el volumen de tareas, proyectos y evaluaciones académicas que recibes?","Opino que el volumen de tareas es alto, pero entiendo que es para reforzar lo aprendido.",16,desagradable,0,1,,alto
texto_0878,menco,menco_pregunta2_respuesta076.txt,2,"¿Qué opinión tienes sobre el volumen de tareas, proyectos y evaluaciones académicas que recibes?",Siento que hay muchas evaluaciones y eso me genera mucha ansiedad.,11,desagradable,0,1,,ansiedad
texto_0879,menco,menco_pregunta2_respuesta077.txt,2,"¿Qué opinión tienes sobre el volumen de tareas, proyectos y evaluaciones académicas que recibes?","Me parece que el volumen de tareas es razonable, pero a veces es muy pesado.",15,desagradable,0,1,,pesado
texto_0880,menco,menco_pregunta2_respuesta078.txt,2,"¿Qué opinión tienes sobre el volumen de tareas, proyectos y evaluaciones académicas que recibes?",Creo que hay demasiados proyectos y eso me quita tiempo para otras cosas.,13,desagradable,0,2,,"demasiados, quita"
texto_0881,menco,menco_pregunta2_respuesta079.txt,2,"¿Qué opinión tienes sobre el volumen de tareas, proyectos y evaluaciones académicas que recibes?","Siento que las tareas son necesarias, pero deberían ser más claras y menos extensas.",14,mixto,1,2,necesarias,deberían ser
texto_0882,menco,menco_pregunta2_respuesta080.txt,2,"¿Qué opinión tienes sobre el volumen de tareas, proyectos y evaluaciones académicas que recibes?","Opino que el volumen de tareas es alto, pero con organización se puede manejar.",14,mixto,1,1,manejar,alto
texto_0883,menco,menco_pregunta2_respuesta081.txt,2,"¿Qué opinión tienes sobre el volumen de tareas, proyectos y evaluaciones académicas que recibes?",Me parece que hay muchas evaluaciones y a veces no son justas.,12,desagradable,0,2,,no son justas
texto_0884,menco,menco_pregunta2_respuesta082.txt,2,"¿Qué opinión tienes sobre el volumen de tareas, proyectos y evaluaciones académicas que recibes?",Siento que el volumen de tareas es excesivo y eso me quita tiempo para compartir con mi familia.,18,desagradable,0,2,,"excesivo, quita"
texto_0885,menco,menco_pregunta2_respuesta083.txt,2,"¿Qué opinión tienes sobre el volumen de tareas, proyectos y evaluaciones académicas que recibes?",Creo que las tareas deberían ser más prácticas y menos teóricas.,11,desagradable,0,2,,deberían ser
texto_0886,menco,menco_pregunta2_respuesta084.txt,2,"¿Qué opinión tienes sobre el volumen de tareas, proyectos y evaluaciones académicas que recibes?","Opino que las evaluaciones son importantes, pero deberían ser más variadas.",11,mixto,1,2,importantes,deberían ser
texto_0887,menco,menco_pregunta2_respuesta085.txt,2,"¿Qué opinión tienes sobre el volumen de tareas, proyectos y evaluaciones académicas que recibes?","Me parece que el volumen de tareas es alto, pero entiendo que es para aprender.",15,mixto,1,1,aprender,alto
texto_0888,menco,menco_pregunta2_respuesta086.txt,2,"¿Qué opinión tienes sobre el volumen de tareas, proyectos y evaluaciones académicas que recibes?",Siento que hay demasiadas tareas y eso me genera mucho estrés.,11,desagradable,0,2,,"demasiadas, estrés"
texto_0889,menco,menco_pregunta2_respuesta087.txt,2,"¿Qué opinión tienes sobre el volumen de tareas, proyectos y evaluaciones académicas que recibes?","Creo que el volumen de tareas es razonable, pero el tiempo para hacerlas no es suficiente.",16,desagradable,0,2,,no es suficiente
texto_0890,menco,menco_pregunta2_respuesta088.txt,2,"¿Qué opinión tienes sobre el volumen de tareas, proyectos y evaluaciones académicas que recibes?",Opino que hay muchas evaluaciones y eso me pone muy ansioso.,11,desagradable,0,1,,ansioso
texto_0891,menco,menco_pregunta2_respuesta089.txt,2,"¿Qué opinión tienes sobre el volumen de tareas, proyectos y evaluaciones académicas que recibes?",Me parece que las tareas deberían ser más creativas y menos repetitivas.,12,desagradable,0,2,,deberían ser
texto_0892,menco,menco_pregunta2_respuesta090.txt,2,"¿Qué opinión tienes sobre el volumen de tareas, proyectos y evaluaciones académicas que recibes?",Siento que el volumen de tareas es excesivo y eso no me permite descansar bien.,15,mixto,1,3,bien,"no me permite, excesivo"
texto_0893,menco,menco_pregunta2_respuesta091.txt,2,"¿Qué opinión tienes sobre el volumen de tareas, proyectos y evaluaciones académicas que recibes?","Creo que los proyectos son interesantes, pero hay demasiados al mismo tiempo.",12,mixto,1,1,interesantes,demasiados
texto_0894,menco,menco_pregunta2_respuesta092.txt,2,"¿Qué opinión tienes sobre el volumen de tareas, proyectos y evaluaciones académicas que recibes?","Opino que las evaluaciones son necesarias, pero deberían ser menos frecuentes.",11,mixto,1,2,necesarias,deberían ser
texto_0895,menco,menco_pregunta2_respuesta093.txt,2,"¿Qué opinión tienes sobre el volumen de tareas, proyectos y evaluaciones académicas que recibes?","Me parece que el volumen de tareas es alto, pero con ayuda puedo cumplir.",14,mixto,1,1,cumplir,alto
texto_0896,menco,menco_pregunta2_respuesta094.txt,2,"¿Qué opinión tienes sobre el volumen de tareas, proyectos y evaluaciones académicas que recibes?",Siento que hay demasiadas tareas y algunas no tienen sentido.,10,desagradable,0,3,,"no tienen sentido, demasiadas"
texto_0897,menco,menco_pregunta2_respuesta095.txt,2,"¿Qué opinión tienes sobre el volumen de tareas, proyectos y evaluaciones académicas que recibes?","Creo que el volumen de tareas es razonable, pero a veces es muy pesado.",14,desagradable,0,1,,pesado
texto_0898,menco,menco_pregunta2_respuesta096.txt,2,"¿Qué opinión tienes sobre el volumen de tareas, proyectos y evaluaciones académicas que recibes?",Opino que hay muchas evaluaciones y eso me genera mucha presión.,11,desagradable,0,1,,presión
texto_0899,menco,menco_pregunta2_respuesta097.txt,2,"¿Qué opinión tienes sobre el volumen de tareas, proyectos y evaluaciones académicas que recibes?",Me parece que las tareas deberían ser más cortas y más enfocadas.,12,desagradable,0,2,,deberían ser
texto_0900,menco,menco_pregunta2_respuesta098.txt,2,"¿Qué opinión tienes sobre el volumen de tareas, proyectos y evaluaciones académicas que recibes?",Siento que el volumen de tareas es excesivo y eso me quita tiempo para descansar.,15,desagradable,0,2,,"excesivo, quita"
texto_0901,menco,menco_pregunta2_respuesta099.txt,2,"¿Qué opinión tienes sobre el volumen de tareas, proyectos y evaluaciones académicas que recibes?","Creo que los proyectos son necesarios, pero deberían ser menos frecuentes.",11,mixto,1,2,necesarios,deberían ser
texto_0902,menco,menco_pregunta2_respuesta100.txt,2,"¿Qué opinión tienes sobre el volumen de tareas, proyectos y evaluaciones académicas que recibes?","Opino que las evaluaciones son importantes, pero deberían ser más prácticas y menos teóricas.",14,mixto,1,2,importantes,deberían ser
texto_0903,menco,menco_pregunta2_respuesta101.txt,2,"¿Qué opinión tienes sobre el volumen de tareas, proyectos y evaluaciones académicas que recibes?",Creo que el colegio debería ser más flexible con los horarios para tener más tiempo en casa.,17,desagradable,0,2,,debería ser
texto_0904,menco,menco_pregunta2_respuesta102.txt,2,"¿Qué opinión tienes sobre el volumen de tareas, proyectos y evaluaciones académicas que recibes?","Me siento bien, porque aunque el colegio es intenso, en casa encuentro momentos para descansar.",15,placentero,1,0,bien,
texto_0905,rosaura,estudiante_Rosaura_001.txt,1,¿Cómo te sientes respecto al tiempo que pasas en la escuela y el tiempo libre que te queda en casa?,Me gusta venir al colegio porque aprendo y juego con mis amigos.,12,placentero,3,0,"gusta, aprendo, juego",
texto_0906,rosaura,estudiante_Rosaura_001.txt,2,"¿Qué opinión tienes sobre el volumen de tareas, proyectos y evaluaciones académicas que recibes?",Las tareas están bien y casi siempre las puedo hacer.,10,placentero,1,0,bien,
texto_0907,rosaura,estudiante_Rosaura_002.txt,1,¿Cómo te sientes respecto al tiempo que pasas en la escuela y el tiempo libre que te queda en casa?,A veces llego cansado a la casa pero después descanso.,10,desagradable,0,1,,cansado
texto_0909,rosaura,estudiante_Rosaura_003.txt,1,¿Cómo te sientes respecto al tiempo que pasas en la escuela y el tiempo libre que te queda en casa?,Me siento bien en el colegio.,6,placentero,1,0,bien,
texto_0910,rosaura,estudiante_Rosaura_003.txt,2,"¿Qué opinión tienes sobre el volumen de tareas, proyectos y evaluaciones académicas que recibes?",Las tareas no son muchas y ayudan a aprender.,9,placentero,1,0,aprender,
texto_0911,rosaura,estudiante_Rosaura_004.txt,1,¿Cómo te sientes respecto al tiempo que pasas en la escuela y el tiempo libre que te queda en casa?,Me gusta estudiar y compartir con mis compañeros.,8,placentero,1,0,gusta,
texto_0912,rosaura,estudiante_Rosaura_004.txt,2,"¿Qué opinión tienes sobre el volumen de tareas, proyectos y evaluaciones académicas que recibes?",Los trabajos son fáciles cuando pongo atención en clase.,9,placentero,1,0,fáciles,
texto_0913,rosaura,estudiante_Rosaura_005.txt,1,¿Cómo te sientes respecto al tiempo que pasas en la escuela y el tiempo libre que te queda en casa?,Cuando llego a la casa juego un rato y después hago las tareas.,13,placentero,1,0,juego,
texto_0914,rosaura,estudiante_Rosaura_005.txt,2,"¿Qué opinión tienes sobre el volumen de tareas, proyectos y evaluaciones académicas que recibes?",Las tareas están bien porque practico lo que aprendí.,9,placentero,1,0,bien,
texto_0916,rosaura,estudiante_Rosaura_006.txt,2,"¿Qué opinión tienes sobre el volumen de tareas, proyectos y evaluaciones académicas que recibes?",Las evaluaciones me ponen un poco nervioso.,7,desagradable,0,2,,"poco, nervioso"
texto_0917,rosaura,estudiante_Rosaura_007.txt,1,¿Cómo te sientes respecto al tiempo que pasas en la escuela y el tiempo libre que te queda en casa?,Me gusta estar en el colegio porque veo a mis amigos.,11,placentero,1,0,gusta,
texto_0919,rosaura,estudiante_Rosaura_008.txt,1,¿Cómo te sientes respecto al tiempo que pasas en la escuela y el tiempo libre que te queda en casa?,Tengo tiempo para jugar después de hacer las tareas.,9,placentero,1,0,jugar,
texto_0920,rosaura,estudiante_Rosaura_008.txt,2,"¿Qué opinión tienes sobre el volumen de tareas, proyectos y evaluaciones académicas que recibes?",Los profesores explican bien y por eso entiendo las actividades.,10,placentero,1,0,bien,
texto_0921,rosaura,estudiante_Rosaura_009.txt,1,¿Cómo te sientes respecto al tiempo que pasas en la escuela y el tiempo libre que te queda en casa?,A veces quisiera salir un poquito más temprano.,8,desagradable,0,2,,quisiera
texto_0922,rosaura,estudiante_Rosaura_009.txt,2,"¿Qué opinión tienes sobre el volumen de tareas, proyectos y evaluaciones académicas que recibes?",Las tareas no son difíciles.,5,desagradable,0,1,,difíciles
texto_0923,rosaura,estudiante_Rosaura_010.txt,1,¿Cómo te sientes respecto al tiempo que pasas en la escuela y el tiempo libre que te queda en casa?,Me siento feliz cuando hacemos actividades en grupo.,8,placentero,1,0,feliz,
texto_0925,rosaura,estudiante_Rosaura_011.txt,1,¿Cómo te sientes respecto al tiempo que pasas en la escuela y el tiempo libre que te queda en casa?,En el colegio paso bien con mis compañeros.,8,placentero,1,0,bien,
texto_0927,rosaura,estudiante_Rosaura_012.txt,1,¿Cómo te sientes respecto al tiempo que pasas en la escuela y el tiempo libre que te queda en casa?,A veces llego cansado porque camino bastante para llegar a mi casa.,12,desagradable,0,1,,cansado
texto_0928,rosaura,estudiante_Rosaura_012.txt,2,"¿Qué opinión tienes sobre el volumen de tareas, proyectos y evaluaciones académicas que recibes?",Cuando hay evaluaciones estudio un poco más.,7,desagradable,0,1,,poco
texto_0929,rosaura,estudiante_Rosaura_013.txt,1,¿Cómo te sientes respecto al tiempo que pasas en la escuela y el tiempo libre que te queda en casa?,Me gusta aprender cosas nuevas.,5,placentero,2,0,"gusta, aprender",
texto_0930,rosaura,estudiante_Rosaura_013.txt,2,"¿Qué opinión tienes sobre el volumen de tareas, proyectos y evaluaciones académicas que recibes?",Las actividades son buenas para aprender más.,7,placentero,2,0,"buenas, aprender",
texto_0932,rosaura,estudiante_Rosaura_014.txt,2,"¿Qué opinión tienes sobre el volumen de tareas, proyectos y evaluaciones académicas que recibes?",Las tareas están bien organizadas.,5,placentero,1,0,bien,
texto_0933,rosaura,estudiante_Rosaura_015.txt,1,¿Cómo te sientes respecto al tiempo que pasas en la escuela y el tiempo libre que te queda en casa?,Me siento contento cuando entiendo las clases.,7,placentero,1,0,contento,
texto_0934,rosaura,estudiante_Rosaura_015.txt,2,"¿Qué opinión tienes sobre el volumen de tareas, proyectos y evaluaciones académicas que recibes?",No dejan muchas tareas.,4,desagradable,0,2,,no dejan
texto_0935,rosaura,estudiante_Rosaura_016.txt,1,¿Cómo te sientes respecto al tiempo que pasas en la escuela y el tiempo libre que te queda en casa?,Me gusta venir todos los días al colegio.,8,placentero,1,0,gusta,
texto_0937,rosaura,estudiante_Rosaura_017.txt,1,¿Cómo te sientes respecto al tiempo que pasas en la escuela y el tiempo libre que te queda en casa?,Después del colegio juego un rato con mis primos.,9,placentero,1,0,juego,
texto_0938,rosaura,estudiante_Rosaura_017.txt,2,"¿Qué opinión tienes sobre el volumen de tareas, proyectos y evaluaciones académicas que recibes?",Las tareas me parecen fáciles.,5,placentero,1,0,fáciles,
texto_0941,rosaura,estudiante_Rosaura_019.txt,1,¿Cómo te sientes respecto al tiempo que pasas en la escuela y el tiempo libre que te queda en casa?,Me gusta compartir con mis amigos en el recreo.,9,placentero,1,0,gusta,
texto_0942,rosaura,estudiante_Rosaura_019.txt,2,"¿Qué opinión tienes sobre el volumen de tareas, proyectos y evaluaciones académicas que recibes?",Los trabajos en grupo son divertidos.,6,placentero,1,0,divertidos,
texto_0943,rosaura,estudiante_Rosaura_020.txt,1,¿Cómo te sientes respecto al tiempo que pasas en la escuela y el tiempo libre que te queda en casa?,Me siento bien porque aprendo muchas cosas.,7,placentero,2,0,"bien, aprendo",
texto_0945,rosaura,estudiante_Rosaura_021.txt,1,¿Cómo te sientes respecto al tiempo que pasas en la escuela y el tiempo libre que te queda en casa?,A veces no me alcanza el tiempo porque ayudo a mi mamá.,12,desagradable,0,2,,no me alcanza
texto_0946,rosaura,estudiante_Rosaura_021.txt,2,"¿Qué opinión tienes sobre el volumen de tareas, proyectos y evaluaciones académicas que recibes?",Las tareas están bien solo que algunas llevan más tiempo.,10,placentero,1,0,bien,
texto_0947,rosaura,estudiante_Rosaura_022.txt,1,¿Cómo te sientes respecto al tiempo que pasas en la escuela y el tiempo libre que te queda en casa?,Me gusta cuando hacemos juegos para aprender.,7,placentero,2,0,"gusta, aprender",
texto_0948,rosaura,estudiante_Rosaura_022.txt,2,"¿Qué opinión tienes sobre el volumen de tareas, proyectos y evaluaciones académicas que recibes?",Las actividades son chéveres.,4,placentero,1,0,chéveres,
texto_0949,rosaura,estudiante_Rosaura_023.txt,1,¿Cómo te sientes respecto al tiempo que pasas en la escuela y el tiempo libre que te queda en casa?,En el colegio me siento tranquilo.,6,placentero,1,0,tranquilo,
texto_0950,rosaura,estudiante_Rosaura_023.txt,2,"¿Qué opinión tienes sobre el volumen de tareas, proyectos y evaluaciones académicas que recibes?",Los profesores no dejan muchas tareas.,6,desagradable,0,2,,no dejan
texto_0951,rosaura,estudiante_Rosaura_024.txt,1,¿Cómo te sientes respecto al tiempo que pasas en la escuela y el tiempo libre que te queda en casa?,Me gusta estudiar y después jugar en mi casa.,9,placentero,2,0,"gusta, jugar",
texto_0952,rosaura,estudiante_Rosaura_024.txt,2,"¿Qué opinión tienes sobre el volumen de tareas, proyectos y evaluaciones académicas que recibes?",Las evaluaciones son importantes para saber si aprendimos.,8,placentero,1,0,importantes,
texto_0953,rosaura,estudiante_Rosaura_025.txt,1,¿Cómo te sientes respecto al tiempo que pasas en la escuela y el tiempo libre que te queda en casa?,Me siento contento con mis compañeros de salón.,8,placentero,1,0,contento,
texto_0954,rosaura,estudiante_Rosaura_025.txt,2,"¿Qué opinión tienes sobre el volumen de tareas, proyectos y evaluaciones académicas que recibes?",Las tareas son fáciles cuando presto atención.,7,placentero,1,0,fáciles,
texto_0958,rosaura,estudiante_Rosaura_027.txt,2,"¿Qué opinión tienes sobre el volumen de tareas, proyectos y evaluaciones académicas que recibes?",La cantidad de tareas me parece buena.,7,placentero,1,0,buena,
texto_0959,rosaura,estudiante_Rosaura_028.txt,1,¿Cómo te sientes respecto al tiempo que pasas en la escuela y el tiempo libre que te queda en casa?,Me gusta participar en clase.,5,placentero,1,0,gusta,
texto_0960,rosaura,estudiante_Rosaura_028.txt,2,"¿Qué opinión tienes sobre el volumen de tareas, proyectos y evaluaciones académicas que recibes?",Las actividades son divertidas cuando trabajamos en grupo.,8,placentero,1,0,divertidas,
texto_0961,rosaura,estudiante_Rosaura_029.txt,1,¿Cómo te sientes respecto al tiempo que pasas en la escuela y el tiempo libre que te queda en casa?,Me siento feliz porque aprendo cosas nuevas todos los días.,10,placentero,2,0,"feliz, aprendo",
texto_0963,rosaura,estudiante_Rosaura_030.txt,1,¿Cómo te sientes respecto al tiempo que pasas en la escuela y el tiempo libre que te queda en casa?,Me gusta venir al colegio y compartir con mis profesores y amigos.,12,placentero,1,0,gusta,
texto_0964,rosaura,estudiante_Rosaura_030.txt,2,"¿Qué opinión tienes sobre el volumen de tareas, proyectos y evaluaciones académicas que recibes?",Las tareas están bien porque no son muchas y ayudan a aprender.,12,placentero,2,0,"bien, aprender",
